Rating,Comment,Sentiment
5,Tempat belanja sekaligus berwisata. Area yang sangat luas yang dengan berbagai toko yang memenuhi kebutuhan. Ada arena bermain anak-anak membuat mereka semakin betah. Tak lupa ada berbagai tempat kuliner tinggal pilih sesuai selera.,Positive
5,"Salah satu mall terluas di Bandung, cenah.....",Positive
5,Seru main ke sini jalan jalan bareng ama bestie seru seruan belanja tempatnya enak adem,Positive
5,"Shoping sambil wisata mini, hutan mini kebun binatang mini,taman mini suasana serasa berasa grand avenue semua branded ada disini n hrs berkantong tebal",Positive
5,"Semua kelas bisa masuk dimall pvj bandung ini,gk dibeda2in .mantap lah",Positive
5,Mall sudah mulai rame.,Positive
5,Salah satu Mall yg ada di Bandung!âœ¨,Positive
4,"Ya seperti mall pada umumnya, tp tenantnya banyak mallnya juga luas banget, cocok yg bawa anak lg aktifÂ²nya lariÂ² atau explore sana sini. Blm berubah mallnya msh sama seperti dlu",Positive
4,"Sering kemari, selalu dgn perjuangan cari parkiran.. ğŸ˜… â€¦",Positive
1,"Mereka buka stand di PVJ, tapi coba cek kesana dan lihat keadaannya. Beberapa bulan sebelumnya saya kesana, dan kaget ada owl di siang hari as attraction!",Negative
5,"Udah lama banget nggak ke sini dan udah banyak yg berubah. Area parkir ada di basement, tapi ada outdoor parking juga. Beberapa spot parking ditujukkan utk small cars only. Untuk ATM center letaknya di lantai paling bawah. Food area ada di lantai bawah, meskipun ada beberapa tenants yg tutup tapi masih cukup ramai.",Positive
5,"Mall dengan konsep unik dan down to earth. Saya suka area taman bunga di roof top yang cocok untuk santai keluarga di sore hari. Tempatnya sepi dan cantik, aneh juga saha belum pernah lihat konten influencer bahas taman ini. â€¦",Positive
5,Satu dari sekian banyak Mall yang terkenal di Bandung.. Tempat nya nyaman dan luas.. Area Parkir juga banyak..Di dalamnya tersedia outlet dari Brand brand ternama.. Outlet makanan dan minuman pun banyak ragamnya juga tersedia arena bermain â€¦,Positive
5,PVJ tempatnya luas bgt,Positive
5,"Tempat nya luas, lengkap dan masih terjaga bagusnya walaupun terbilang mall tertua di Bandung. Dan semua pelayanan nya ramah, goodğŸ¤©ğŸ¤© â€¦",Positive
5,"Konsep mall nya menarik bgt.. bukan mall pd umumnya..  semi indoor gt.. ada outdoor nya jg.. ada tmpat ice skating, mini zoo, ada air terjun nya jg..",Positive
5,PVJ menjadi salah satu mall Fav di bandung sejak dulu ..,Positive
5,"Tempat belanja dan nongkrong paling nyaman,hampir tiap lantai ada musholla.",Positive
5,Salah satu mall terbesar di Bandung. Menyediakan mal dengan tema indoor dan outdoor. Fashionable banget dan cocok untuk dijadikan sebagai salah satu tempat yang wajib dikunjungi saat berada di kota Bandung,Positive
5,Lengkap dan Luas cocok buat pergi bareng keluarga dan belanja mewah ğŸ˜† â€¦,Positive
5,"Tempat yang keren, isi nya standard sama seperti mall pada umumnya.",Positive
5,"Mallnya bagus, banyak resto, ada playground anak, ada lego store",Positive
4,"Desain mall nya berbeda dengan mall lain jadi unik, saat berada didalam mall rasanya seperti di tempat outdoor. Cukup banyak pilihan outlet-outletnya",Positive
4,Cukup bagus dan menarik sayang kurang di sediakan tempat untuk duduk2 bilah lelah berjalan.,Positive
3,"Salah satu toilet tolong donk pemisah ce-co ditutup rapat, jgn ada celah. Sepertinya cewek yg lagi gunakan wastafel bisa lihat cowok yg gunakan urinoar & sebaliknya. Seperinya jauh dari adat ketimuran kita ya. tksh",Negative
5,"PVJ adl salah satu pusat perbelanjaan terkenal di kota Bandung yg menawarkan berbagai jenis kebutuhan mulai dari fashion, produk kecantikan dan kesehatan, kuliner, hingga hiburan. Bagi kalian yg suka kuliner. Untuk makanan Ada Sushi tei, â€¦",Positive
5,"Shopping mall terbaik dan legend di kota Bandung. Konsep semi outdoor sangat unik dan menarik, mirip galleries lafayette di paris atau Gotemba premium outlet di Jepang, tenant yang hadir sangat beragam, mulai dari highend sampai gerai UMKM banyak pilihan ditempat ini. Kuliner nya banyak pilihan. Selalu suka kalo berada di tempat ini.",Positive
5,"mall terfavorit di Bandung! aku suka konsepnya, parkiran banyak, toiletnya bagus, banyak banget store yang bisa dikunjungi...",Positive
5,"Mall paling the best deh. Konsep outdoornya asik banget, bikin betah. Ditambah suasana kota bandung yang adem, love it.",Positive
5,Hallo Sahabat.. kali ini aku ke PVJ karna mau main di kidzoona.. (next review kidzoona),Positive
5,Udah berkali kali kesini tapi msh sering nyasar wkwkkw,Positive
5,"Tempat yang sangat komplit untuk belanja,makan dan tempat bermain anak-anak",Positive
5,Luas bgt... seharian pegi juga gk habis keliling,Positive
5,"Salah satu tempat hiburan belanja terlengkap di Kota Bandung. Tersedia brand dari yang low end hingga high end. Kalau di akhir pekan mungkin akan sulit mencari parkir bagi kendaraan roda 4, namun terdapat area parkir di sekitar pvj yang terkoneksi",Positive
5,Icon kota bandung khususnya untuk fashiom di daerah Setiabudi,Positive
5,"Paling seneng kalo ke PVJ makan di Restoran ZUKI SUKI, menu nya berpariasi harganya worth it kualitasnya premium dari suki yg lain, ice skating seru bgt apalagi taman taman nya ğŸ¥° â€¦",Positive
5,Kesini rencana mau ke Tom sushi.. tapi antrinya dah panjang.. ga jadi deh.. mampir ke KKV aja.. parkir Mobil kalo weekend sering penuh.. apalagi jam makan siang..,Positive
5,"Saya nonton bersama teman teman saya di bioskop PVJ, tempatnya nyaman fasilitasnya sudah terlengkapi mosola dll.",Positive
5,"basement ny bau , tapi klo dalam ny sih nyaman , buat tempat halaman utk anjing dong yg pakai pagar",Positive
5,"Salah satu pusat perbelanjaan terbesar di kota Bandung. Parkir sangat luas. Fasilitas lengkap, semua ada disini..",Positive
5,"280923. Bagi saya, ini salah satu Life Style Mall terbaik di Indonesia. Merk super premium (Rolex etc) bisa berbaur dengan elegant dengan brand lokal. Makanan worldwide chain berdampingan dengan makanan UMKM. Produk untuk orangtua dan untuk â€¦",Positive
5,"Pelayanan Ramah , Dan Barang Juga Komplit",Positive
5,Alhamdulillah tempat yg nyaman yg segalanya ada...mantap PVJ terus dan kembangkan segalanya agar warga Bandung tetap banggakan PVJ...ğŸ‘ğŸ‘ğŸ™ğŸ™ â€¦,Positive
5,"tempatnya bagus,  nyaman banget sampe suka lupa jalan pulang haha",Positive
5,"Masih oke lah... Dengan berbagai mall baru di Bandung, PVJ masih jadi idola kami",Positive
4,"Haii sobat shopaholic. Kali ini aku mau berbagi review tentang Mall Paris Van Java Bandung. Lokasinya terletak di daerah Jl. Sukajadi No.131-139, Cipedes, Kec. Sukajadi, Kota Bandung, Jawa Barat. â€¦",Positive
4,"Tempatnya cukup nyaman mau cari apa juga lengkap cuma karena semi outdoor jadi agak panas kalo kesini siang siang, banyak pameran menarik dan event event seru juga, kalau weekend lumayan padet sih tapi masih cukup nyaman, payment parkir harus cashless",Positive
4,"baru pertama kali kesini, tempatnya bagus dan luas cocok untuk bermain, makan, nongkrong, namun disini tidak ada supermarketnya",Positive
4,"Mall nya luas dan banyak toko fashion, sepatu serta makanan dan minuman. Lahan parkir yang disediakan juga luas. Ada mushalla di lantai ground.",Positive
4,"Mall yang ikonik di bandung. Ada parkir di basemen dan tempat parkir luar yang cukup luas (taping emoney, untuk buka gate portal parkir bukan sensor tangan atau tombol ya tapi taping emoney). â€¦",Positive
4,"Ada taman & air terjun buatan di roof top nya. Ada kebun bunga matahari cukup bayar 10rb /org udh bsa fto2 ala kebun bunga. Ada feeding animal juga byr 55rb klo gak salah. Lupa kefoto. Mall nya asik, estetik bgt spot foto & modern bgt",Positive
4,"Pvj, enak buat jalan-jalan, namun kekurangannya menurut saya pribadi :",Positive
4,"Gedung parkirnya kurang enak sempit utk naik turun nya, mall nya cukup baik, lebih banyak pilihan makanan dan fashion, lantai nya kurang nyaman tidak rata, ada naik turun sedikit atau miring sedikit",Positive
4,"Sirkulasi dalam mall kurang jelas, penamaan tiap lantainya sulit dihapal, lokasi toilet dan musholla tidak strategis.",Positive
4,"Konsep mallnya sy suka, cuman sayangnya musholanya tidak tersedia di setiap lantai, jd agak ribe.",Positive
4,"Salah satu musholla ada di belakang hnm, masuk aja ke hnm lurus terus ke belakang, deket parkiran. Mall elit mushollanya mungkin  bisa lebih diperbaiki lagi",Positive
4,"Mall yg selalu ramai, banyak tenant yg baru. Harga diatas mall2 yg lain, tp klo cari kualitas bisa menjadi salah satu reference",Positive
4,"Secara kelengkapan mall nya mantap dari fashion, food dll lengkap, tetapi untuk informasi fasilitas dan rambu evakuasi minim sekali.",Positive
4,Cukup baik tp masih perlu di tingkatkan lg masalah macet di jalan dan kebersihan,Positive
3,"Mal nya lebar ke samping, kemana-mana jauh, terus panas banget mallnya",Negative
3,Untuk pihak BM mungkin bisa diperhatikan lagi jumlah toilet dan kondisi toilet nya,Negative
3,"Bagus, sdh bnyk yg dagang ..tp tempat shalatnya msh blm memadai",Negative
1,"Mall terburuk di kota bandung, untuk Mall sebesar ini, tapi jarak kamar mandi hanya 1 perlantai, sangat jauh sekali.",Negative
1,"Saya beli kaos harga normal 99.900 seperti tidak niat utk melayaninya. Terus smpe kasir bilang kembalian ga ad, pokoknya pelayanan bener"" parah. Beli kaos 100rb jg ga murah! Situ juga dpt gaji dri pembeli! Ga niat ngelayani ya ga ush kerja mas!!",Negative
1,Tempat parkir di bagian basement tidak ada petugas yang memberikan petunjuk parkir yang kosong atau membantu.,Negative
5,Kesini ada acara edu fair. Cari sekolah buat anak sekalian jalan-jalan. Ada Darul Hikam disini. Mallnya bagus dan luas. Ada air terjun di SL. Mushola lantai dasar selalu penuh. Mushola di SL kosong harus pakai Lift ke P12.,Positive
5,Menyenangkan buat refreshing bersama keluarga... Cuman macet banget mau menuju dan keluar dr sana.. Apalagi pas weekend,Positive
5,satu di antara banyak mall di Bandung..,Positive
5,"Surga belanja dan kuliner bagi pecinta shoping dan kuliner. Di sebelah atas bangunan, ada waterfall juga lho. Menarik untuk spot foto dan mencari udara segar karena efek waterfall.",Positive
5,"Bagus, hanya parkiran kurang banyak pohon peneduh, bikin parkiran jadi sejuk suasananya tidak panas gersang",Positive
5,Mall yang luas.,Positive
5,Berasa liat dunia lain. Bener22 everything you need is here ğŸ˜­ â€¦,Positive
5,Rame banget mall nya. Parkiran luas. Tersedia area outdoor. Tenant juga lengkap. Family friendly.,Positive
5,nasi goreng pedas cikur nya enak banget ğŸ‘ŒğŸ»,Positive
5,Tempatnya lucu seru. Ada KKVnya wkwkwk,Positive
5,"Parkir untung untungan kadang cepet dapet kadang susah harus selap selip untuk motor, wc nya kurang jauh",Positive
5,"Mal dengan konsep lebih terbuka tapi nyaman. Konsep tenant nya seperti lagi exploring stand pameran, tapi seru dan beda! ğŸ˜„",Positive
5,"Overall tempatt nya nyaman, view nya enak. Bisa direkomendasikan sbg lokasi penginapan",Positive
4,"Parkir n traffic nya yg ribet maceutt. Overall Mall nya nyaman dikunjungi.  Public Toiletnya  lebih diperhatikan lagi penempatannya, jangan 1 area toilet per 1 lantai, jauh jaraknya n cukup ribet nyari nya",Positive
4,Konsep mall nya gak biasa. Dibuat seperti pertokoan lengkap dengan catwalk-nya. Isinya lumayan lengkap. Cocok buat keluarga,Positive
5,"Salah satu mall terbesar dan terfavourit di kota bandung, dengan konsep perpaduan mall indoor dan outdoor. Dilengkapi dengan tenan kelas menengah ke atas. Salah satu keunggulan mall ini adalah dekorasi mall yang berubah setiap 6 bulan â€¦",Positive
5,PVJ Bandung,Positive
5,"Passs banget buat cuci mata..banyak outlet fashion brand luar dan lokal, wisata kuliner serta lokasi yang pas untuk menikmati weekend bersama teman dan keluarga",Positive
5,Selalu rame apalagi longweekend bikin macet area sukajadi stbudhi hehehe,Positive
5,Tanggal kunjungan: 24 Desember 2020 (Dalam situasi darurat Covid-19 & PSBB Kota Bandung),Positive
5,"Kalau belanja keseni,harus siap fisik, butuh waktu minimal 2 jam untuk sekedar keliling area mall. Kalau naik lift lantai RL dan turun di lantai S1 nanti bisa lihat wahana air terjun buatan yang mirip dengan aslinya. Banyak wahana swafoto di lantai S1.",Positive
5,"Ini adalah tempat salah satu terkenal di bandung konsep mall yang selalu ramai pengujung. Kesini kemarin bareng rekan kerja sekalian acara kondangan rekan kerja juga, dan tidak lupa kita mampir di pusat belanja mall paris van java, sekalian â€¦",Positive
5,"Pvj favorit banget kalo lagi di bandung, sering kesini tapi jarang belanja ehehehe.",Positive
5,"DiÂ Paris Van JavaÂ ada hal unik yang tentu membuat betah di sana. Bernama Sky Level yang menyajikan liburan bagai di alam bebas.Â  Di Sky Level ini kita akan disuguhkan pemandangan taman bunga, tanaman serba hijau dan udara sejuk di â€¦",Positive
5,Mall yang sangat besaaaaaaarrr dan luaaaaaassss tapi segala merek ada disini dan segala apapun yang kita mau pasti ada disini pokoknya mall yang sangat komplit plit plit deh. Anak2 malam mingguan puas banget di mall sini. Mantap.,Positive
5,Luas bgt tapi sayank mushola nya tempat wudhu dan tempat sholat pria dan wanita tidak ada pembatas jadi masih terlihat semoga kedepannya bisa lebih baik karena muslimah sejati tidak boleh terlihat aurat oleh lelaki bukan mahromnya,Positive
5,"Mall dengan concept menarik, ada perbelanjaan, dinning, family entertainment juga..lengkap dan gak bosenin. Mau belanja yg brand maupun yang biasa saja, kebutuhan segala macam ada disini. Parkir luas diluar maupun gedung..ingat bayar pakai â€¦",Positive
5,Mall nya luas,Positive
5,Mall yg Lengkap..dr Kebutuhan Pokok..Fashion..dn Caffe2 berkelas..dn Resto2 Pilihan ada dsana..,Positive
5,Tempat yang unik di Bandung. Recommand banget bagi yang ingin melihat suasana luar negeri tanpa harus jauh pergi ke luar negeri. Lantai yang perpaduan dari kayu dan keramik.,Positive
5,Sarana perbelanjaan terlengkap berikut restonya juga beraneka ragam sampai otomotip pun tersedia tempat yg bersih dan nyaman serta penataan ruang yg bagus,Positive
4,"Amazing!!!!!, but.....",Positive
4,"Gaperlu panjang lebar, orang bandung pasti dah tau tempat ini. Apalagi orang Jakarta wkwk â€¦",Positive
4,"Kalo nginep di seputaran Sukajadi, wajib banget mampir ke PVJ dgn berjalan kaki atau naik angkot. Pengennya sih bawa kendaraan sendiri, tp apalah daya gak punya boil di bandungğŸ˜‚ krn mmg pengalaman saat nunggu Ojol di mari #Beeuhhh Superb â€¦",Positive
4,"Always going to this place for walking and shopping around but we can't deny, this mall is quite crowded, but overall the services offered was enough to invite more shopper to go to here. â€¦",Positive
4,"Good place for shopping. But not for the toilet. As i know they just have 2 or 3 toilets center. Which is Antriiiinyaaa panjanggg bgt dan lama.. untuk musholanya, tempat wudhunya agak terbuka.. jadi kurang nyaman.. â€¦",Positive
4,Kelebihan :,Positive
3,"Sekarang banyak tanaman kurang terawat, tanaman banyak yang kering, sampah daun dimanaÂ². Toko baju masih sepi, tapi tempat makan udah mulai rame. Harganya diatas standar kalau menurut saya. â€¦",Negative
3,"Kalo ga kepaksa kesini males sih. Walau banyak spot yg menyenangkan tapi kalo weekend dan hari libur itu males di parkir nya. Sesekali aja, jaman covid skrg ini akses masuk melalui lift dibatasi, duh males pokonya. Harus santai dan ga seneng jalan sana sini jadi ga emosi, hehe...",Negative
5,"Mall favorite di Bandung.  Mall nya cukup luas, banyak brand terkenal disini.",Positive
5,"Mall yg unik dengan konsep outdoor, banyak pilihan makanan, toilet bersih, pokoknya kalo ke bandung sempetin kesini ğŸ˜ â€¦",Positive
5,Tempat bagus untuk berburu jajanan serta sandang....bisa buat ngadem   ..dengan view menarik.... ada lokasi buat swa foto,Positive
5,"Mall super luas di area Bandung utara menyimpan begitu banyak pengalaman untuk dicoba. Yang sangat jadi pembeda dengan mall lain adalah terdapat bioskop 4DX, rooftop garden, air terjun indoor, dan konsep mall semi outdoor",Positive
5,"Salah satu mall yang menjadi favorit kalau berkunjung ke bandung, banyak wahana banyak stand makanan dan pakaian, cocok berkunjung berasama keluarga, teman maupun pasangan, parkiran yang lumayan luas untuk kendaraan, cuma belum tau kalau untuk pengguna kursi roda apakah ada tempat untuk jalan dan parkir",Positive
5,Mall ini gehde banget,Positive
5,Selalu keren buat jalan bareng kelurga,Positive
5,Kemarin kesini minggu ramai banget firstime sih kesini karna pengen liat the moon di cgv nya agak trauma kesini soalnya orang orang disini lebih ke menengah ke atas gue disarankan untuk yang punya duit wkwkwk,Positive
5,Mallyg cukup besar..dn bgus,Positive
5,"Yang malas jauh2 ke lembang mainnya di PVJ aja. Ada air terjunnya ,mini zoo, kebun bunga, dan masih banyak lagi",Positive
5,Salah satu mall favorite..,Positive
5,"Guys, wajib banget datang untuk bermain di Timezone PVJ. Mesin permainan nya keren semua. Souvenirnya juga sebagus itu.",Positive
5,Tempatnya sangat luas,Positive
5,Saya darang pas pagi hari jadi agak sepi .salah satu mall besar di kota bandung yg nyaman dan bagus,Positive
5,"Mall yang luas dan lengkap utk belanja fashion maupun kulineran, fashion nya bagus2 dan makanannya enak2, parkir nya luas",Positive
5,Salah satu mall yang wajib dikunjungi kalau kalian ke bandung. Berbagai brand terkenal ada di sana. Mallnya luas.,Positive
5,Mall paling ramai di bandung. Pilihan brand banyak. Makanan juga cukup beragam. Ada zoo dan permainannya.,Positive
4,"Tempat yang cocok buat jalan-jalan, belanja dan makan.",Positive
4,"Yang selalu saya apresiasi dari PVJ adalah parkiran mobil yang banyak, dengan pilihan spot ada yg outdoor, indoor--(sayap kiri kanan, medan landai, medan miring- basement, bertingkat), ada yg luas ada yg sempit berbagai macam jenis parkiran â€¦",Positive
4,"Banyak store segala rupa. Mulai dari makanan, fashion, dll. One stop entertaining. Salah satu mall terlengkap di Bandung. Sekarang sudah banyak spot ramah anak yg free jg di sini. Ada taman, mini zoo, dll. di rooftopnya. Recommended utk â€¦",Positive
3,"First time ke pvj. Haduh mall nya bikin bingung, mau tanya2 ga ketemu security, ga ada lobby/concierge. Mana bawaan berat karena habis camping. Memang salah sendiri sih, habis camp malah ke mall besar.",Negative
3,"Bagus tapi sangat tidak ramah toilet nya. Hanya tersedia di lantai lantai tertentu. Harusnya ada ditiap lantai, mana luas lagi dan tidak ada penanda toilet dimana. Kebersihan toilet nya pun tidak terjaga dan minum tissue. Semoga pihak â€¦",Negative
3,Sama spt paskal tapi kok mal dalemnya gede banget ? Aku sesat lho pas misa di sana lho malah ke shilin ğŸ¤£ â€¦,Negative
2,"Mall ramai, makanan banyak demikian juga caffee, yang kurang adalah toilet jaaauuuh jika ada d sisi sogo",Negative
1,"Musholla nya jorok,, becek,, sendal jepitnya kotor,, kesetnya basah kuyup,, ga ada cleaning service..",Negative
1,"Mall ter gak nyaman terkumuh ruang terbuka tapi parkiran dan mall terasa gelap pengap, papan info kurang, toilet kotor bau. Terlebih musholla nya sangat tidak nyaman beralaskan pavin block semi batu kotor najis dan tidak ada batas suci â€¦",Negative
1,"Saya adalah Ddriver ojol yang sering menolak order dari dan ke PVJ, masa Mall sebesar itu, tapi ngga ada parkir khusus ojol. Padahal tenan2 nya juga menggunakan e-commerce, aplikasi gofood, grabfood atau shopeefood, atau layanan antar/delivery lainnya. Bukankah itu saling membutuhkan?",Negative
5,"Di Shaburi, Saya memesan paket Special, dimana yang paling membedakan adalah daging Angus nya. Ada serat-serat dan lemaknya juga, enak sih jadi empuk dagingnya. Varian daging lainnya pun ada â€¦",Positive
5,Makin kesini mallnya makin rame tapi ya gituÂ² aja sih sebenernya,Positive
5,"Tempat yg asyik buat nongkrong, di kota bandung. Apa aja,banyak brand mewah. Untuk Toilet mungkin bisa di tambah, kalau lagi ramai, full banget apalagi toilet cewe",Positive
5,"Tempat belanja di daerah bandung , dengan parkir yg luas , dan banyaj tempat nongkrong",Positive
1,Mall super luas di sebuah negara yang mayoritas muslim tapi musholanya menyedihkan. Sempit gelap terpencil.. jauh.. ga ada papan petunjuk. Susah nyari buat yg ga apal. Kurang muslimfriendly. Lebih bagus ciwalk.,Negative
5,"Tempatnya luas banget sampe bingung pas muter nggak bisa balik lagi, ada air mancurnya di atas bagus banget, toiletnya bagus, banyak tempat fotonya juga.",Positive
5,"Rooftopnya ada kebun dan air terjun buatan, arena ice skating, dan area bermain anak, unik banget",Positive
5,"Mall dengan suasana yang unik, sebagian areanya outdoor dan keseluruhan areanya cukup luas sehingga pengunjung tidak akan bosan saat berbelanja maupun sekedar window shopping di sini. Ada juga ice skating di lantai atas, parkirnya cukup luas, dan tenant brandnya cukup lengkap.",Positive
5,"salah satu mall terbaik di bdg, ada ring ice skating di atas , love it",Positive
5,"Sejauh ini, the best in Indonesia, mengalahkan mallÂ² manapun. Boleh bersaing dengan mallÂ² di Eropa dan Inggris. Masalahnya hanya akses jalan yang buat sy cukup ribet. Parkir yang bikin sakit kepala..other than that.. Excellent! Pertahankan ya, terutama kebersihannya.",Positive
5,"Paling nyaman ke sini pas weekday, soalnya ga crowdedâ€¦ğŸ‘ŒğŸ‘Œ â€¦",Positive
4,Tempat ini merupakan pusat perbelanjaan dengan konsep seperti pedestrian atau seolah kita berjalan jalan di jalanan kota namun semuanya dalam satu lokasi gedung. Unik & menarik. â€¦,Positive
4,"Bukan hanya sekedar mall, tapi tempat nongkrong kekinian yang selalu menjadi trend setter anak muda, berbagai outlet brand brand besar ada di sini, prodik fashion, sport, outdor, kecantikan kebutuhan rumah tangga banyak berlimpah. Tapi... ya harganya juga menyesuaikan donk...",Positive
4,Tempat ini merupakan pusat perbelanjaan  yang besar dengan konsep seperti pedestrian atau seolah kita berjalan jalan di jalanan kota namun semuanya dalam satu lokasi gedung. Di bagian atas kalian bisa jalan jalan dengan suasana asri seperti â€¦,Positive
4,"Mall yang cukup unik dan besar di Bandung, menarik untuk didatangi karena ada banyak store dan resto, ada permainan ice skating dan rooftop untuk bersantai-santai, hanya saja akses ke sini lumayan macet.",Positive
3,"Kalau bukan karena ada perlu ke Mall ini, males banget sih karena jalur kesini amit2 macet nya! dari buah batu ke PVJ 2 jam",Negative
3,"sudah hampir 10th lebih sejak terakhir saya kesini.. tidak sebagus dulu, sepertinya agak sedikit kurang terawat",Negative
1,"Sistem parkir aneh. Dateng tap pakai emoney dan setelah di tap, sensor penghalang langsung terbuka. Pas mau bayar pulangnya ditanyaim karcis parkir. Sementara di awal ga ada keluar yg namanya karcis parkir. Cuma tap emoney langsung otomatis â€¦",Negative
1,"Mall High end tp musholla low end banget. Wudhu di tempat terbuka, mw sholat ngantri. KALAH ama Mushola Stasiun ğŸ˜‚ â€¦",Negative
5,Parkirnya luas dan sudah memakai kartu no cash. Makanan banyak banget. Tempat belanja pun tersebar karena luas pisan. Tapi jarang nemuin satpam jadi kalau mau nanya tuh bingung mau nanya ke siapa. Harganya lumayan untuk kalangan menengah â€¦,Positive
5,"Pvj adalah mall legendaris yang sangat terkenal, kalau ke Bandung jangan lupa buat mampir kesini. Mall ini semi outdoor yang murutku sangat unik designnya dibandingkan mall-mall pada umumnya. Di pvj ini sangat lengkap ya ada pusat â€¦",Positive
5,"Ini pertama kalinya sih ke mall dengan konsep seperti ini, beda banget sama mall-mall yang pernah aku datengi sebelumnya.",Positive
5,â­â­â­â­â­,Positive
5,"mall nya lengkap ,di lt SI byk spot u foto2 ,ada air terjun buatan ,ice skating jg ,nyaman u klrga d kumpul dg tmn2.....",Positive
5,"Mall ter â¤. Curug langit dan taman bunga matahari ini bener2 bikin ""definisi bahagia itu sederhana"" nyata ! Lebay? Gpp.",Positive
5,"Mall yg ga biasa seperti mall lain, lengkap sekaliiii makanan dan minuman nya banyak yg jarang di temui di jakarta.. atas nya dibuat taman2 dan mini zoo gituu..",Positive
5,"Pertama kali ke sini, sumpah asli, jatuh cintaaaa",Positive
5,"Salah satu mall terbaik di Bandung, area luas, terdapat taman indoor dimana ada air terjun buatan (gratis). Selain itu terdapat area taman luas, ada arena ice skating, taman bunga matahari (berbayar), burung2 hias.",Positive
5,Mall ternyaman di Sukajadi Bandung. Banyak gerai dengan barang branded dan ternama. Harga barang untuk golongan menengah ke atas. Bisa belanja sambil olah raga.,Positive
5,One stop shopping centre oke di Bandung... gabungan modern dan nature nya oke... capek belanja bisa ngadem di rooftop smbil jajan snack jadul atau sekedar ngelamun doang... â€¦,Positive
5,"Suatu mall yang terletak di daerah Sukajadi Bandung,mall yang cukup besar dan ramai...tata letaknya yg bagus dan apik, bagus buat ngupi ngupi dan belanja belanji..dari mulai barang branded dan sebagainya....",Positive
5,"Kalau ke Bdg wajib berkunjung kesini. Ini salah satu mall terbaik di Indonesia, sangat menyenangkan untuk bawa keluarga berkunjung kesini...",Positive
5,Salah satu mall di bandung yang bisa dibilang sangat menarik dengan gaya arsitektur seperti kota di eropa...tempat makan banyak dan berfariasi sesuai pilihan.,Positive
5,"Recommended bgt buat yg mau shoping dan ngajak maen keluarga ke alam tp gk pake ribet ğŸ˜ water fall nya keren, taman bunga matahari nya jg kece. â€¦",Positive
5,"Nyoba tenant baru Thee Huis di PVJ. Desain tempatnya lucu, pilihan teh seduhnya bermacam-macam serta ada literasi tentang manfaat teh saat kita akan memesan dan menunggu pesanan teh kita disajikan. Pelayannya mampu menjelaskan manfaat teh â€¦",Positive
4,"Tempatnya gede banget, tidak cocok buat ibu hamil muda ha.... Kalo mau milih parkir, mendingan disesuaikan dengan tempat yang akan dituju, setidaknya gak terlalu cape jalannya.",Positive
4,"Untuk saudara-saudara ku, warga kelas menengah. Mall ini kurang cocok untuk kantong kita. Jadi daripada sedih melihat harga-harga yang terlampau mahal, lebih baik kita foto-foto saja karena spot fotonya menarik. Foto pemandangan malam, ini cuma sebagian saja ya.",Positive
4,"Mall keren dan instagramable, mau nonton ada cgv, outbond indoor juga oke, juga shopping-shopping dg promo2 dan juga ada kandang burung merak nya juga buat yg mau liat langsung burung meraknya 'mengembang' ğŸ‘. â€¦",Positive
4,"Tempatnya ber desain bagus,bisa untuk sekedar makan,,jalanÂ² bahkan nongkrong",Positive
4,"Keren juga nih tempat, banyak banget resto yg bagus2, interiornya bagus juga, banyak tempat yg instagrammable. Buat family oke, buat pacaran oke, buat anak2 oke juga. Ada tempat bermain anak trampolin, ice skating, taman dan air terjun dalam mal. Seru banget tempatnya.",Positive
5,"Salah satu mall yang terletak di bandung didaerah setiabudi Salah satu mall yang cukup menjadi favorit saya ketika berkunjung ke Bandung. Lokasinya strategis tidak terlalu jauh dari exit tol Pasteur. Specialnya, tenant tenant disini â€¦",Positive
5,"Mall super luas di area Bandung utara menyimpan begitu banyak pengalaman untuk dicoba. Yang sangat jadi pembeda dengan mall lain adalah terdapat bioskop 4DX, rooftop garden, air terjun indoor, dan konsep mall semi outdoor â€¦",Positive
5,"Mall yang lengkap, luas, nyaman betah, bersih,  go green, banyak taman, banyak playgorund, banyak jajanan banyak tempat makan. Ramah lingkungan tapi gak ramah di kantong harga-harganya soalnya mahal, barang branded semua :D â€¦",Positive
5,"Mall luas konsep unik dan adem banget enak, sejuk. Fasilitas oke, banyak pilihan tempat belanja sambil jalan-jalan. Banyak tempat makan, fashion dll. Minusnya jalan ke arah sini sering macet sih.",Positive
5,"Salah satu mall di bandung yang paling bagus sih PVJ ini, Karena ukuran nya yang luas banget dan banyak banget toko toko nya lengkap, karena saking luas nya sering banget lupa posisi parkir atau jalan. â€¦",Positive
5,"Dari dulu sering kesini emang luas banget dan ada aja keseruannya, apalagi kalo weekend ramaai tapi sekarang parkiran juga udah luas jadi enak enak aja",Positive
5,"Bagus mallnya, bagian dalemnya juga keren lantainya pake batu jadi enak diliat aja gituu adem, asri (tapi ga seluruhnya ya) tempatnya brand mahal sii",Positive
5,"Mall yg tetap jadi favorit sampe sekarang. Produk fashion banyak, produk kecantikan, keperluan anak, tempat maen anak, ada bioskop CGV, tempat makan banyak dan ada area indoor yg luas jadi seneng banget jalan2 disana. Pas kesana lagi ada â€¦",Positive
5,"Tempatnya luas dan bagus banget, Bandung keren banget, yess akhirnya punya foto di Paris Van Jaya, bagus loh foto2 disana â€¦",Positive
5,"Mall terkenal di Bandung si ini mah. Lengkap, luas, parkiran juga luas dan aman. Saya ada pasar kreatif dan Festival Pasar Malam.",Positive
5,"Mantap abissss, buat abisin duit, tapi seru, enak nya malam ya gaesss, penerangan nya bagus",Positive
5,Komplit semua barang original brandid kuliner yg beragam pula ... Tempat ngasuh anak gadis ku,Positive
5,"Soal fashion branded semua ada disini, tempatnya  bener"" Oke banget buat hangout bareng temen/keluarga ğŸ‘ â€¦",Positive
5,Kalau ke Bandung boleh dicoba mampir ke mall konsep jadul. Ini adem banget.,Positive
5,Selalu mampir kalau ke Bandung.,Positive
5,"Mall yang kalau dilihat dari luar biasa saja, tetapi kalau sudah di dalam bagus sekali. Banyak brand bagus di sini. Juga ada berbagai permainan buat anak-anak. Untuk makan, kopi dan jajan lainnya sangat banyak pilihan. Suasananya bagus ada taman. Sayang saja tidak sempat ambil foto.",Positive
5,saran yang mungkin bisa diterima lebih ditingkatkan lagi di fasilitas ibadahnya thnk uuuu,Positive
5,"Mall dengan konsep yang unik, seperti jalanan di eropa, banyak brand ternama juga. Pas saya berkunjung nyari tempat parkir susah bener, muter berkali kali sampai nunggu orang yang mau keluar cuma buat dapat tempat parkir.",Positive
5,Mall yang paling banyak pengunjungnya di Bandung.,Positive
5,Tempat yang asik buat hang out bareng keluarga maupun teman-teman,Positive
5,"Banyak tenant bagus, ada taman dan air mancur buatan juga",Positive
5,"Mall konsep unik di Bandung. Udah keberapa kali ke sini, masih kangenin. Walau sudah berdiri lama, namun masih tak bosan ke sini. Toiletnya buat terkagum2 karena toilet identik tertutup dan hanya pintu dan dinding. Toiletnya disuguhi pemandangan kolam ikan, didesain cukup estetik dan sirkulasi udara yang baik.",Positive
5,Mall nya besar dan banyak kulineran disini ğŸ‘,Positive
5,"Tempatnya luas, komplit rame, tenant makanannya di setiap sudut ada, rasa enak cuma harga saja beberapa lebih mahal saja dibanding ditempat yang lain, mungkin karena mall besar dan elit. Rekomended untuk dikunjungi dan buang penat karena pemandangan mall yang cantik.",Positive
5,Ayo blanja sekalian cuci mata ğŸ¤£ğŸ¤£ â€¦,Positive
5,"Kaki harus kuat kalau mau ke sini, karena mallnya luas banget. Hampir selalu ada booth yang display mobil keluaran terbaru. Ada fasilitas ice skating dan taman di rooftop",Positive
5,"Mallnya modern , makanan harga standar menengahnke atas. Parkirnya luas, ada CGV juga, lengkap.",Positive
5,"Mall yang besar di bandung. Di bagian atas mall ada seperti taman yang cocok untuk anak2.  Lahan parkir luas, tetapi kadang masih penuh jika dihari libur.",Positive
5,pvj bandung bagus.,Positive
5,Tempat sih nyaman... Tp sayang tempat parkirannya gak beraturan.... Saran... Benahin,Positive
5,Tempat belanja yg wajib kalo pas ke bandung.,Positive
5,mall nya bagus mewah dan luas semua lengkap dan sejuk cocok buat jalan bareng keluarga,Positive
5,"Dengan design bangunan yang menarik,bersih.,,dan lokasi yg strategis..cocok hang out bareng bestie tentunya",Positive
4,"Salah satu mall yang cukup menjadi favorit saya ketika berkunjung ke Bandung. Lokasinya strategis tidak terlalu jauh dari exit tol Pasteur. Specialnya, tenant tenant disini terbilang cukup premium dan beragam. Layout mallnya juga termasuk â€¦",Positive
4,"Mall nya cukup lengkap,banyak brand. Suasanya berbeda dengan mal2 building.",Positive
4,"Mall paling seru di bandung, suasananya beda banget sm mall yang lain. Banyak tempat makan dan permainan anak. Asri banyak tanaman dan ada binatang ternak di lantai atas",Positive
4,Mallnya lumayan besar dan Kumplit untuk brand2 ternama. Suasananya juga rame banget. Lokasinya juga ga gitu susah. Karna dipusat kota.,Positive
4,"Tempat belanja yang lumayan lengkap di kota Bandung. Nyari barang branded ada, tempat nongkrong bareng keluarga ada. Apalagi kalo ada even, tempat ini bakal rame banget. Mau menepi sejenak bisa nyari tempat ngopi di sudut mall sambil mikirin problematika hidup..hadeuh.",Positive
4,"tuk area bermain bgus, jalan2 dan healing, hanya tuk tempat, prasarana, dan sarana ibadah, seperti ketersediaan mukena, sarung, dll.. hrus di perbaiki dan di tingkatkan, karna mayoritas pengunjung atau pekerja adalah muslim, dan bisa sja ad yg mau ibadah tp lula bawa peralatan.",Positive
4,"Mall nya bagus semuanya bagus, ada tempat air mancur gede indah sekali, tempatnya sangat luas banyak tempat makan dan brand"" lain, mines nya toilet nya jauh kek berusaha nyari portal, sekalinya nemu cm 2 tempat toilet, itu pun kalo penuh bisa ngompolğŸ’€ tolong perbanyakin tempat toilet nya ya di sekitar tempat jangan terlalu jauh â€¦",Positive
4,"Mall andalan klo ke bandung, semi outdoor dan tenant nya komplit bgt, kmrn makan di rempah bistro, okeh lah dr sisi rasa 8, tempat 8,5, servis 8",Positive
4,Banyak tenant nya,Positive
4,Tempat nya bagus,Positive
4,Memang beda aja konsep mall yg satu ini. Untuk tenant juga lumayan banyak. Tp parkirnya tetep berasa kurang kalo weekend / holiday,Positive
4,"Mallnya bagus ada sky garden diatas bagus, mau nyari toiletnya susah gak banyak hanya ada diujung gedung",Positive
3,"mallnya bikin capek, papan informasi kurang banget, nyari musholla aja ga nemu di dalem mall akhirnya keluar mall, toiletnya jga terlalu open, dan kurang banyak.",Negative
3,Mall nya sebenernya oke ada outdoor nya.,Negative
3,"Mall bagus , besar dan luas untuk jalan jalan bareng keluarga ,cmn sayang sekali gak ramah untuk orang solat , kapasitas mall sangat besar mushola nya kecil kalo weekend antri nya parah apalagi sholat magrib",Negative
3,Cozy cman akses kesana selalu macet di weekend dan kesulitan mencari parkir Mobil Karena selalu penuh saya beri 3 star dulu semoga Ada perbaikan untuk kenyamanan pengunjung,Negative
1,mall dengan aroma sampah ğŸ‘Œ,Negative
1,"klo penuh parkir yg ke atas, bikin emosi untuk ngantri liftnya. sebaiknya dengan jumlah parkir kendaran sampai P11 yg bgitu banyak, lifnya d tambah jgn hanya 2.",Negative
5,"Mall favorite di bandung, menawarkan branded fashion dan restaurant kelas menengah atas. Suasananya nyaman. Selain belanja baju saya juga mampir makan siang di restaurant jepang. Tempat parkir luas. Ramah anak.",Positive
4,Tempat enak untuk jalan-jalan dengan teman.. Sayangnya jarang ada kursi untuk duduk jadi harus masuk restoran dulu kalau mau duduk...,Positive
5,"Mall terkenal di bandung & juga tempat favorit banyak orang baik dr bandung or luar bandung. Banyak merk high end ada disini, food court-nya jg rame dgn pilihan makanan yg beragam & enak, tempat parkir luas dan sll full terutama weekend.",Positive
5,"Mall yang lengkap, terdapat supermarket, department store,branded store, banyak resto , tempat nongkrong, ngopi, tempat bermain anak-anak. Mall yang mengedukasi anak-anak karena banyak hewan-hewan lucu dan unik di dalam mall. Terdapat â€¦",Positive
5,Mall dengan konsep luas seperti ini memang banyak ditemukan dibandung. Namun untuk spot dengan taman bunga dan ornamen kertas yang digantung dilangit-langit gedung menbah semarak suasana. Trmpat ini lumayan luas hingga perlu waktu berjam jam untuk dapat mengelilinginya secara keseluruhan. Ada tempat bermain anak dilantai bawah.,Positive
5,"Salah satu mall yang aesthetic di bandung, dengan banyaknya taman di sekitaran mallnya dan lampu-lampu yang menghiasi saat malam hari, terkadang terdapat tema tertentu pada hari-hari besar serta acara. Sama seperti mall pada umumnya terdapat tempat makan, tempat pembelanjaan, cgv serta tempat gym.",Positive
5,"Mallnya oke.. barang2 lokal sama branded luar juga ada di situ. Toiletnya besih dan cantik.. tapi klo musholanya terakhir kesana emang kecil sih kurang mengakomodasi.. di mall ini juga ada tempat iceskating, tempat fitness, ada kaya mini â€¦",Positive
5,Mall yang jadi icon nya kota Bandung.,Positive
5,Wow dan unik. Suka banget dengan penataan outlet dan dekorasi mallnya. Pas banget dateng sblm halloween jadi ada rekor labu dan tema halloween lainnya. Salah satu mall yg must visit sih di Bandung!,Positive
5,"Mall yang luas dengan banyak tenant ternama di dalamnya. Suasana di dalam sangat nyaman, karena memiliki ceiling ruangan yang relatif tinggi.",Positive
5,Salah satu mall favorite buat hangout bnyak bgt makanan di sini. Awas nyasar ya saking gede nya ini mall..,Positive
5,"Tempat wajib yang harus selalu saya kunjungi ketika dibandung, mall yang berkonsep modern dengan nuansa hutan tropis, air terjun, beberapa flora dan fauna, ditambah dengan udara yang sejuk, membuat saya betah untuk berlama lama berada di PVJ â¤ï¸â¤ï¸â¤ï¸",Positive
5,Suka dengan konsep mall ini karena area rooftopnya disulap jadi back to nature. Ada taman dengan kebun bunga matahari. Harga tiket masuknya Rp10.000. Ada penjaja kuliner tradisional juga di lantai ini. Sementara satu lantai di atasnya ada curug. Banyak spot foto yang instagenic. Penggemar selfie bisa sambangi spot-spot ini.,Positive
5,Supermall yang memiliki banyak outlet branded product. Mall ini lumayan besar dan memiliki banyak sekali pilihan belanja keluarga. Aneka resto tersedia di area luar pusat perbelanjaan. Tempat parkir mobil dan motor juga mampu menampung banyak kendaraan pengunjung. Recommended!,Positive
5,"Tempat Recommended untuk Belanja atau beli apapun, atau nonton bioskop, atau hangout.. atau cari kebutuhann lain.. sarana parkir luas.. cuma saran di gate Tapping masuk parkir .. perhatikan karcis yg keluar.. jangann karena pintu Gate â€¦",Positive
5,"Tempat berkumpulnya orang orang yang telah lelah menjalani harinya dan ingin sekedar melepas penat dengan mencari hiburan seperti karaoke, makan, bioskop, minuman, sepatu, baju dan barang-barang mahal lain yang meringankan dompet hasil dari â€¦",Positive
5,"Mall terbesar dan terlengkap di Bandung. Fashion, culinary, sport, ada semua.  jalan-jalan dgn keluarga disini pas banget. Bisa main trampoline, ice skating, atau nge-gym. Di sky garden nya ada kebun binatang mini, taman dengan bunga matahari, bahkan air terjun buatan ada disini ! Asyik lah pokoknya.",Positive
5,Salah 1 mall di Bandung yg sgt nyaman menurut sy pribadi selain 23 & TSM. Banyak food outlet bertebaran jd tdk takut perut lapar ( selama bawa dompet ğŸ˜ ofc ),Positive
5,"Kalau ingin mencari berbagai produk tersedia di sini, terdapat berbagai macam tempat makan, ramah untuk anak kecil, dapat membawa hewan peliharaan juga, cocok untuk pergi bersama keluarga sekaligus berbelanja, membayar parkir menggunakan e-money",Positive
5,"Instagrammable ğŸ˜† dateng kesini tujuan utama foto, taman langit nya keren!!! Ada air terjun, taman bunga matahari, banyak hewan lucu juga kayak rusa, kambing, burung, bisa main ski, ada kids zone, cocok buat keluarga atau ngumpul bareng â€¦",Positive
5,"Disini sekarang ada air terjun dan kebun binatangnya, jadi jalan jalan ke mall bukan buat belanja aja, bisa buat refreshing menikmati keindahan air terjunnya juga. tempat parkirnya juga luas, jenis makanan disini juga banyak. salah satu mall yang bagus di bandung deh pokoknya.",Positive
5,Tempat wisata terlengkap di Bandung. Wkwkwk,Positive
5,"Tempat belanja dengan beragam brand terkenal. Tempatnya super nyaman dengan penataan yang bagus, ada taman, jalanan dari kayu, jadi belanja makin nyaman dan tidak capek. Selain itu ada taman di roof top dan curug buatan di lantai paling â€¦",Positive
5,Membuat saya jadi rindu bandung. Mall dengan konsep outdoor yang indah. Terdapat banyak tourist atraction untuk menarik pengunjung. Ada ice skating fan kebun bunga matahari yang asyik untuk dikunjungi bersama keluarga. Namun sayangnya banyak makanan non halal di sini.,Positive
5,"Mall yang dekat dengan kost adek saya di jalan setiabudi, konsep mallnya bagus terus banyak pilihan resto untuk keluarga atau untuk sekedar nongkrong cantik. Dan juga disini banyak store brand brand ternama, kayanya untuk konsep mall selalu â€¦",Positive
5,"Mallnya cukup luas, dan paling beda banget di bandung.",Positive
5,"Tempat ini sangat bagus dan sangat luas sekali, jika kalian ingin kesini sebaiknya siapkan energi yang full biar tidak pingsan ğŸ¤£ğŸ˜‚ kemaren kesini pas imlek dan ada pertunjukan barongsai, kerenn banget!! â€¦",Positive
5,Selain pusat perbelanjaan bagi pengunjung terdapat Sunfest atau tanaman bunga matahari yang dapat dinikmati keindahannya dan juga sebagai ajang tempat befoto untuk memenuhi content di instagram masing-masing pengunjung. Suasana seperti â€¦,Positive
5,"Seperti biasa pvj menyajikantempat yang menyenangkan untuk orang orang yang berbelanja disini , nyaman bila tujuannya berbelanja apalagi bersama keluarga tercinta sih wkwkw , ada tempat foodcourt nya dimana mana tapi ga di setiap tempat â€¦",Positive
5,"Bagus, kalo semua bunganya mekar sih cuma pas kemaren aku kesana ngga mekar semua. Tapi aku udah beberapa kali ke pvj. Bagus pokonya rooftop nya. Terus mall ini juga lengkap. Produknya bagus bagus cocok buat yang Mau nyari barang bermerek. Tempat makan di pvj juga lengkap. Banyak",Positive
5,Kalau gak sampai capek gak bakal pulang...menyenangkan untuk sekedar jalan2 cuci mata ataupun berniat belanja..semua ada..mau nonton juga bisa..sekedar ngopi bisa juga,Positive
5,Luar Biasa untuk mall ini.,Positive
5,Tempatnya benar2 enak untuk bersantai dengan keluarga apalagi ada  taman bunga nan cantik diatas rooftop bener2 keren ayo ke Bandung jangan luoa ke PVJ,Positive
5,"Konsepnya lain drpd yg lain...bagian atas ada minizoo, air terjun dan spot2 menarik...tempat belanja dan makanannya lengkap.",Positive
5,"Mall ini lengkap sekali. Dari mulai brand harga menengah sampai brand yang mahal punya. Banyak tempat bermain untuk anak. Outdoornya pun bagus, ada air terjunnya dalam mall. Tempat yang ideal untuk quality time dengan keluarga. Anak-anak â€¦",Positive
5,"Tempat belanja sekaligus wisata, banyak tanaman dan jyga hewan. Unsur alam dan modern dipadukan. Pokoknya kalau ke bandung mampir kesini sambil kuliner.",Positive
5,Tempat belanja yg luas... yg memiliki tempat parkir luas tempat belanja aman dan nyaman... memiliki Rumah Makan... tempat istirahat tempat ibadah benar begitu komplit.... â€¦,Positive
5,Suasana mall yg cukup menarik dan ad taman skitar area mall dan tersedia berbagai macam tmpt nya mantapp,Positive
5,"Mobil paling besar dari kota Bandung, dan paling ramai dari kota bandung. Untuk sampai kesini apalagi di akhir pekan maka akan susah mengakses dikarenakan rawan kena macet sehingga agak susah diakses. Mall ini sangat luas dan ada beberapa â€¦",Positive
4,"Siapkan kartu parkir (emoney), lebih hati2 krn jalan tempat parkir cukup sempit.",Positive
4,"Mall yg meluas ini, salah stu mall high class di bandung. Cari barang branded  disini. apalagi resto dan tempat hang out. banyak pilihannya. Parkir luas, namun ngga cukup untuk antusiasme pengunjung di weekend. Jadi cari parkir kadang kudu â€¦",Positive
4,"Sejauh ini, sepengetahuan saya mall inilah yang paling menyenangkan untuk dikunjungi. Bahkan ketika kita tidak berkeinginan untuk berbelanja. Segala brand barang ternama ada disini. Ada banyak pilihan aneka resto dan cafe.",Positive
4,Selalu suka berbelanja atau sekedar menikmati akhir pekan di Paris Van Java Mall.,Positive
4,"Mall yang nganenin, pengen balik lagi, 2 hari keliling masih belum cukup buat menikmati jalan sambil jajan n belanja .. tempat makan banyak, area foto2 banyak banget, apalagi diatas ada area taman bunga matahari yg ikonik banget ğŸ˜Š â€¦",Positive
4,"Salah satu mall Bandung di lantai paling atas ada taman bunga mataharinya. Sayangnya pas kesana bunga matahari yg mekar ga begitu banyak.. fyi, kalo kesana siapin e-money untuk tap in di gate parkir mobilnya yaa.. karena sistem parkirnya â€¦",Positive
4,Salah satu mall terbesar dan termewah di Kota Bandunv yang pasti hampir semua orang tau dan pernah kesini. Semuanya serba lengkap di mall ini,Positive
4,Tempatnya luas dan nyaman banget.,Positive
4,Mall besar dengan design yang indah menjadi tujuan orang orang yang berkunjung ke bandung berada d daerah sukajadi bandung dengan berbagai pusat berbelanja yang lengkap dari pakaian restoran dan lain lainnya. â€¦,Positive
4,Mall dg aneka fashion dan kuliner. Sayang Lahan parkir utama sangat terbatas. Kalau tdk kebagian parkir harus keluar dulu. Tidak efiaien.,Positive
4,Tempat yang rekomended di Bandung. Mall sekaligus tempat rekreasi keluarga yang bisa anda pilih tujuan weekand. Terdapat rooftop untuk berswafoto. Terdapat tempat ice-skating. Parkir luas dan murah.,Positive
4,"kalap ketemu miniso belanja macem-macem, tas lucu, dompet lucu sama suka banget oven glove yang bisa tahan sampe 200 derajat, berguna banget buat di dapur. abis itu ke pizza e birra, sebenernya kurang suka masakan italia *lidah ndeso harap maklum* tapi tempatnya sukaaaaa banget, instagramable banget.",Positive
4,"Pvj adalah tempat yg sangat bagus untuk keluarga mall yg komplit fasilitas anak2 dan orangtua ada disini, mau selfi tempatnya sangat menjanjikan pokpknya bagus lah",Positive
4,"Tempat hang out keluarga maupun bisnis yang oke dan recomended. Banyak pilihan resto, banyak Promo. â€¦",Positive
4,"Paris van java termasuk mall termewah di Bandung, karena menyediakan produk produk branded high class. Dari bangunan yg go green dan fresh. Dengan konsep yg inovatif menyediakan garden dan waterfall di lantai paling atas. Hanya saja menuru â€¦",Positive
3,Unique mall dengan konsep semi outdoor,Negative
3,Mal nya oke..banyak outlet dg brand2 ternama.. cuma anda akan jarang temui sekuriti bahkan Customer Service di mal ini. Jadi bagi pengunjung yang baru pertama kali datang ke mal ini akan kebingungan untuk menanyakan dan mencari outlet yg â€¦,Negative
2,"ok, ini sangat di under expectations. rooftopnya tidak terurus dan terkonsep dengan baik. mungkin awalnya indah, tapi karena kurang perawatan dan tidak terkonsep dengan baik, tampak tidak terawat dan seakan memasukan semua hal di dalamnya. â€¦",Negative
5,"Mallnya luass and banyak toko barang branded disini. Saking luasnya saya bingung mencari kamar mandi di mana. Untuk rooftop mall keren, ada tanaman, bungaÂ², taman bunga matahari (tp bayar 10 ribu).",Positive
5,"Mall yang sangat besar dan terkenal di bandung, cocok sekali untuk shopping karena banyak tenant disana, ada bioskop nya juga di lantai atas",Positive
5,"Suasananya masih seperti dulu,,, sekarang sudah mulai ramai lagi, semenjak pandemi covid, banyak mall yang sepi, termasuk mall pvj ini, tp sekarang sudah ramai lagi,,,",Positive
5,"Tampatnya nyaman, bersih, dan adem. Tidak ramai karna kebetulan datangnya hari weekday sih. Walaupun tempatnya agak membingungkan tp untuk restonya cukup lengkap. Sempet ketaman mataharinya dipaling atas bayar 10k. Thebesttt mall.",Positive
5,Selalu menyenangkan berjalan di Paris Van Java Supermall. Menikmati desain pertokoan dengan suasana eropa sembari berbelanja dan memuaskan wisata kuliner. Mall yang didirikan tahun 2006 ini termasuk yang mampu bertahan dari pandemi dan â€¦,Positive
5,mall dengan tenant brand brand ternama,Positive
5,Mall paling rame kalau weekend,Positive
5,Tempatnya luas ..,Positive
5,"Mall terlengkap di bandung , banyak outlet dari makanan sampe fashion dan kebutuhan sehari2 , parkiran luas . Hanya saja penataan nya aga membingungkan kalau buat yg baru pertama kesini , saking luas nya jadi bingung mau kemana.",Positive
5,"Tempatnya sangat nyaman dan indah, luas dan bang sekali produk yang di jual di sini,",Positive
5,"Ga perlu pusing nyari curug/air terjun di kota bandung, karna di pvj ada air terjun nya jg sksk",Positive
5,+:,Positive
5,"Buat nongkrong di malam hari juga nenyenangkan, berderet lampu-lampu di atas parkiran nambah point suasana semarak. Di sekitarnya berderet resto yang menyediakan pilihan tempat duduk dengan ruangan ber-ac atau di udara terbuka di samping halaman parkir.",Positive
5,Mall yang sangat besar dan lengkap di kota Bandung,Positive
5,"Kalo ke sini itu bawaannya pengen keliling aja, soalnya konsep mall nya keren, luas bgt, serasa outdoor padahal indoor. Banyak banget barangÂ² brandid, tempat makannya juga banyak. Pokonya keren lah, mau nyari barang atau makanan semua ada.",Positive
5,"Lengkap, lebih suka jalan jalan disini. Mau nonton cgv habis seharian olah raga di selfit juga bisa. Sambil belanja dibanyak store dan tempat makan keren. Minusnya bau sampah di pinggir jalan kalo pagi.",Positive
5,"Tempatnya nyaman, luasğŸ‘ğŸ»ğŸ‘ğŸ» â€¦",Positive
5,"Buat jalan-jalan sama temen asik nih, dari tempat yang lengkap juga konsep outdoor sangat cocok sekali dengan keramaian yg ada, tapi kalo siang bakal gerah bgt ges",Positive
5,"Mall bagus.. bnyk restauran nya..bnyk pilihan shopping baju atw makanan atw perhiasan...smua trsedia.. toilet bersih, mushola ada.. komplit",Positive
4,Tempat nongkrong dan belanja menengah atas di Bandung. Ada tmpt makan di bawah dan di atas. Dan toko2 pakian asesories serta buku tersedia di sini. â€¦,Positive
4,"mall yg berbeda dr yg lain karena di dalamnya  ada air terjun, kebun binatang dan taman bunga.",Positive
4,Toilet yang jauh dan jumlah titiknya sedikit menyebabkan antrian cukup panjang.,Positive
4,"salah satu mall yang bagus untuk hangout, estetik, dan juga lumayan lengkap. Cuma waktu saya kesana sign toiletnya kurang terlihat sehingga susah untuk cari toilet dan musholla yang jauh",Positive
4,"PVJ sangat berbeda dengan Mall lain di Indonesia pada umumnya. Bayangkan saja, ada kebun bunga matahari, mini zoo di tengah Mall. â€¦",Positive
4,"Mall yg unik..walaupun ga terlalu besar, tapi lumayan lengkap, banyak tempat makan juga. Yg unik juga, di rooftop nya ada air terjun didalam ruangan.. keren..",Positive
4,Parkir motornya pindah ke atas jadi lebih nyaman dan akses masuk lebih mudah.,Positive
4,"tolong lah musolah tmpat wudunya jgn terbuka gtu...sya pake niqab gk nyaman wudunya,,udh gtu di wc kurang ngaman krna gk ada selang wc yg biasa...plis sakit bgt pake yg keluar sendiri dri wc itu beneran",Positive
3,pilihan buat makan ok lah tp buat mall segede ini gak punya ATM BCA,Negative
3,"Ini mall oke, ngga boring tiap hari kesini. Tapi sayang banget pintu masuk dan pintu keluar bau sampah banget. Apalagi kalau hujan nyengatnya ga ketolong ampe ke lantai LG dan Glamour Level padahal banyak restaurant. Toiletnya masih jorok banget, mushola becek.",Negative
2,"Toilet kotor, mushalla seperti jarang dibersihkan dan kurang nyaman, alat sholat seperti sejadah dan sarung bau, mending bawa alat sholat sendiri kalo kesini. Beberapa kali kesini gak ada perubahan",Negative
1,"Ini mall tambal sulam yang konsepnya dipaksakan. Padahal tenant nya barangÂ² branded. Mall dengan luasnya seperti ini, mau ke toilet nya aja harus pakai Waze. Begitupun Musholla nya. Parah.. nggak lagiÂ² deh ke sini. Dan parkiran nya crowded. Apalagi yang di basement. Mana ada bayar karcis pas di tanjakan.",Negative
1,"1 Juli 2023, saya pertama kali ke mall ini. Sebagus apapun mallnya kalau fasilitas toilet dan mushola minim dan tidak memadai, saya kasi â­ï¸ satu.",Negative
5,"Tempatnya keren. Banyak spot foto. Tapi krn ini mall utk barang branded, jadi valuenya agak high sich",Positive
4,"Mall terbesar di bandung, banyak store2 yg bagus, branded, harga menengah keatas. Susah nyari security di setiap lantainya. Toiletnya jauh jauh banget dah.",Positive
5,Mall bagus yang tidak kalah jauh dengan lay out dan udara di luar negeri. Tempatnya luas bagus banyak event acara. Toiletnya jauh banget kalau orang tua atau yang kebelet pasti kasian karena ujung ke ujung. Semoga toilet diperbanyak di dekat outlet2 nya supaya gak kejauhan.,Positive
5,"Mall yg cukup unik karna selain tempat belanja,bermain dengn Anak,nonton dll Mall ini juga tersedia Edukasi Buat Anak ada Mini zoo,Bird park.Cat dll.Jadi Tambah Seru Bawa anak bermain di sini ğŸ‘ â€¦",Positive
5,SERING BANGET KESINI GAK BOSEN sumpah deh,Positive
5,"Ada banyak merek internasional di sini seperti stradivarius, bershka, zara, topshop, guess, marc jacobs, , fosil,  sushi groove, zenbu, paperlunch, dll. yang merupakan satu-satunya di bandung (sebelum 23paskal) â€¦",Positive
5,Mall nya gede bnaget...cocok lah buat kita2. Komplit juga semua ada disini... Parkir nya pake e money ya sob. Soalnya kmren aku gak tau pas mampir ke sini ternyta pake e money...tp petugas parkir nya nyediain kok ğŸ˜€ â€¦,Positive
5,Parkirannya luas banget ya.,Positive
5,Paris Van Java Mall BandungÂ di Bandung memang sangat pantas dan wajib anda kunjungi apabila berkesampatan mengunjungi kota bandung.Tempat wisata di kota bandung ini adalah kawasan wisata terpadu yang sama baiknya denganÂ Cihampelas â€¦,Positive
5,"Mall paling keren se Bandung iniih..tematik banget & ada air terjun didalamnya, asli keren bgt ! â€¦",Positive
5,Siapa yang gak kenal dengan Paris Van Java atau lebih di kenal dengan sebutan PVJ mall meskipun berada di kota Bandung tetapi mall yg satu ini menyuguhkan pemandangan dengan nuansa hijau pegunungan...pokoknya enak banget buat anak2 bermain...,Positive
5,Sampai sana jam 8 pagi belum pada buka tokonya. Tp enak banyak spot foto. Ada air terjun juga di lantai paling atas. Bisa untung duduk2. Tapi pas masih tahap pembangun jadi banyak tukang.,Positive
5,"Penataan bangunannya beda dari mall"" lainnya.  Diatapnya ada taman bunga, kids zoo dan lain lain.  Bagus deh pokoknya.  Kalo ke Bandung wajib mampir PVJ ğŸ˜Š â€¦",Positive
5,"Mall atau tempat perbelanjaan yang terbaik yang pernah saya kunjungi.  Banyak pasilitas yang disediakan dan sangat lengkap. Mulai dari  tempat bermain anak anak, taman mini, Kebun binatang mini, seluncur salju, air terjun, trampolin, taman â€¦",Positive
5,"Mall keren...  Mall yang menyatukan dengan alam...  Super lengkap semua ada disini..  Shoping,  kuliner, buat berswa fotopun keren bangeeeet.... Tuk anak2 pun lengkap bisa mengenalkan flora fauna.... Kereeeen bangeeeetlah ğŸ‘ğŸ‘ğŸ‘ğŸ‘ â€¦",Positive
4,"Kreatifitas terlihat di taman gantung dan air terjun artifisial di lantai atas, saat ke sini bareng istri ada festival bunga matahari. â€¦",Positive
4,"Tempatnya bagus buat hangout, jalan"" bareng keluarga, nonton bareng, makan"" juga oke bgt. Tempat berbelanja yang emang lengkap â€¦",Positive
4,Konsep mall nya lain dari pada yang lain. Unik karena menggabungkan tema modern dengan tema khas jawa barat yang asri dan kehijauan. Tempat nya sangat nyaman dan juga bersih. Bisa juga di jadikan sebagai tempat bagus untuk berfoto karena â€¦,Positive
5,First time sih gua liat sawah di tengah mall. Se ndeso itu hahaha. Ya kali cuma mainan doang atau plastik itu pohon ternyata beneran lho. â€¦,Positive
5,Mall besar,Positive
5,"Mall PVJ Bandung cocok buat jalanâ€ bareng Bestie dll, nuasa mall nya juga seru dan bagus ğŸ‘ di atas nya ada bagian out door dan banyak standâ€ makanan / minuman cocok buat nongkiâ€ ğŸ«¶ next ada kesempatan buat ke Bandung bakalan mampir ke mall ini lagi ğŸ˜ŠğŸ™ â€¦",Positive
5,"Salah satu mall terbesar di kota bandung, banyak brand brand fashion ternama buka toko disini, ada uniqlo, vans, melisa, h&m, nike, billabong, lego, max dan yg lainnya. â€¦",Positive
5,"Wort it bnget untuk ngadain acara ulang tahun anak di kidzoona tamu undangan bisa dapet jatah main plus pendamping juga, acara dipandu dengan meriah, hampers ultah dan cupcake juga udah include plus tambahan dekor ya juga bagus,",Positive
5,"Good mall, bnyak arena mainan anak2, satu2nya yg ada ice skating. Di lantai atas ada air terjun ğŸ‘. Musholla nya juga bagus â€¦",Positive
5,Mall semi-outdoor.,Positive
5,"Mall dengan brand luar dan lokal lengkap, bisa dibilang disini surganya para cewek wkwkkw cuman karena luas kadang pegel kaki sesudah belanja melanda wkwk, terdapat mushola dan view yang keren, terdapat juga kebun binatang kecil",Positive
5,"Mall terbesar di bandung. Tapi sedikit jauh dari bandung. Banyak brand"" besar di sini dan lengkap semua ada. Cuma terlihat sepi. Suasana nyaman kolaborasi antara desa dab moderen.",Positive
5,"semi outdoor mall di bandung! no comment sii buat mall ini mah super lengkap salah satu mall paling enakeun walaupun cape jalannya karena terlalu luas terus disini lagi ngehype banget karena kkv baru dibuka, lagi musim banget di pvj nenteng â€¦",Positive
5,"Mall dengan konsep open space, selalu ramai di weekend. Memiliki taman bunga, air terjun dan aneka binatang di bagian rooftop mall. Tenant di mall lengkap, sehingga menjadi tempat yang pas untuk dikunjungi saat berada di kota bandung.",Positive
5,"Naik kuda di mall lantai 5. Makanan di mall ini semuanya okee. Toiletnya cakep ada kolam ikan koi nya, tapi kurang banyak toiletnya di setiap lantai.",Positive
5,"Saya suka banget dengan konsep PVJ ini. Konsep nya ga cuma ada indoornya aja, tapioutdoornya juga. Ramah anak juga karena ada nursery roomnya. Jadi buat yang punya bany seperti saya, jadi nyaman banget menyusui tanpa khawatir keliatan di public.",Positive
5,"Toiletnya bagus bangetttttttttttt, walaupun pertama kali kesini tapi gak bingung kemana kemananya, aksesnya mudah",Positive
5,"Mall nya seru, konsepnya outdoor dan indoor, banyak tenan nya juga di dalamnya, cocok buat shopping di Bandung ğŸ‘ğŸ» â€¦",Positive
5,"Udah sekian purnama ke bandung, baru ada keinginan masuk ke sini ğŸ˜…",Positive
5,"Seru untuk ngajak main anak, lumayan tp harganya tp puas dengan situasi dan pelayanannya",Positive
5,Sdh bbrp kali kesini...,Positive
5,"Tempat shooping nyaman, sambil bawa bocil main, ada icekiiting jg loh",Positive
5,"Kalau yang sudah sering kesini mungkin gak bakalan bingung dengan toko-tokonya, lumayan luas, juga di lantai atas ada air terjun, ice skating, taman, mall yg mengusung konsep outdoor+ banyak tanaman bikin betah di mall tersebut karena berasa gak di mall tapi juga jalan2 ke taman.",Positive
5,"Didalem sini termasuk sangat komplit untuk kawasan bandung. Bahkan Sogo, M&S, Adidas, Uniqlo bahkan sampai tempat makan dan restaurant bisa dibilang sangat lengkap disini. Ada outdoor ada indoor, untuk outdoor rata-rata makanan, untuk â€¦",Positive
5,"Tempat belanja yg nyaman dan luas, banyak pilihan tenan dan produk",Positive
5,"Keren ada sawah d dalam mallğŸ˜, terlengkap di bandung ğŸ¤— â€¦",Positive
5,"Dulu pertama kesini, dengan ketidaktahuanku soal ""mall ini"" janjianlah sama temen di dalem smbil jalan jalan dikit ebuseeeeet dah ampe pegel kaki mana kebelet susah nyari toilet patokan ini itu ttep kaga ketemu ğŸ˜‚ â€¦",Positive
4,"Mall besar dan lengkap di Kota Bandung, Isinya brand2 besar semua.  Ambience 9/10",Positive
4,"Tidak banyak yang bisa di ceritakan, untuk pengalaman pemula yang baru main ke Mall PVJ Bandung: 1. Mall luas, saking luasnya bingung dan takut kesasar wkwk. 2. Jika masuk gerbang utama, terdapat parkir mobil luas. 3. Koleksi tenant lengkap. 4. Banyak spot foto 5. Biasa bawa hewan peliharaan 6. Sangat disayangkan toilet kurang.",Positive
3,Mall yang paling banyak pengunjungnya di Bandung.,Negative
4,"Tempatnya luas, enak buat jalan bersama keluarga, banyak ragamnya tapi toiletnya ga asik, jauh-jauh. Gak ada toilet khusus anak, padahal ini tu mall cocok untuk keluarga. Kalau hujan banyak yg bocor.",Positive
1,Mall nyah enak cuman management parkirnya parah.sempit dan gak ada otak masa di tanjakkan bisa parkir dan sempit,Negative
5,Month of visit: April 2023,Positive
5,"PVJ itu mall yang tergolong mewah banget di Bandung. Konsep mall nya unik, semi outdoor (indoor dan outdoor) jarang banget ada mall seperti ini. â€¦",Positive
5,Ke dibi buat ke tom sushi dan seworth it itu. 240k net buat 4 org kenyang bgt dan bisa cobain berbagai varian rasa sushi huhu cinta bgt,Positive
5,"Sering banget kesini emg mall terbaik se bandung deh, tapi tadi kesini karena anak gadis pengen ke KKV yg lagi viral, dan penuhhh banget",Positive
5,"mall nya luas bgt, cocok buat yg suka jalan jalan sembari olahraga santai, ada air terjun dan kebun bunga jg di lantai paling atas",Positive
5,"Paris Van Java Bandung for the first time. Makanan, minuman, fashion, dsb lengkap disini.",Positive
5,"Selalu suka sama suasana mall nya, barang dan makanannya sangat lengkap",Positive
5,Salah satu Mall terbesar yang ada di kota Bandung. Wajib dikunjungi bagi yang ingin berwisata di area indoor.,Positive
4,"Pusat perbelanjaan yang terhitung besar di bandung dan segala brand mewah ada di sini. Tempatnya luas, dengan berbagai macam pemenuh kebutuhan dari mulai belanja fashion, rumah tangga, kuliner, hiburan anak, kendaraan, lengkap pokoknya. â€¦",Positive
4,"Mall ini lumayan luas terdiri dari 3 lt dan lantai paling atas konsepnya mirip dg Bugis Street. Jika anda datang dengan mobil sebaiknya parkir di area atas, jika di basement sempit dan harus hati2 karena diperuntukkan untuk mobil kecil â€¦",Positive
3,"Konsep mallnya bagus, unik, ala ala kota Paris dan dekorasi tiap tokonya bagus.. jalan2 di tengah mall berasa lagi di luar negeri, banyak toko branded juga. Sayangnya parkiran sempit banget jarak antar mobilnya, susah ambil haluan, lalu toiletnya sedikit banget buat mall seluas ini.. tempat sampah juga susah dicari..",Negative
5,Mall yang cukup besar dan luas.,Positive
5,"Konsep mallnya bagus, seger dilihat dan ga bikin bosen. Cocok buat hangout bareng pacar/temen/keluarga. Parkir luas sih tapi masih aja susah cari parkir mobil, mungkin krn kesini pas weekend.",Positive
5,Mall dengan nuansa outdoor & indoor yg sangat indah.,Positive
5,Kalau ke bandung pasti kesini ... Soalnya suka banget vibes mall ini,Positive
5,"Konsep mall nya semi outdoor gth bagus, unik, mall nya lengkap dan cukup luas lumayan cape buat jalan jalan hehe kalau bawa bayi lebih baik pake stroller daripada pegel gendong ğŸ˜ â€¦",Positive
5,"Oke jg mall ini, konsep mall nya keren beda dengan mall lain, suasana nyaman, kesini karena anak minta main playground sama minta makan sushi",Positive
5,"Berkali-kali kesini tetap masih asik dan nyaman. Pilihan makanan masih banyak, shopping juga banyak, seru deh.",Positive
3,"Penasaran ke sini karena dari dulu penasaran, akhirnya mampir pas kemarin lagi di Bandung. Menurut saya mall-nya unik karena semi outdoor, di Jogja sendiri belum ada mall berkonsep seperti ini. Namun saya lihat mall ini agak kuno, terutama â€¦",Negative
5,"Tempat belanja dan makan di Bandung yang terkenal, banyak toko2 barang branded, kue-kue, fashion, elektronik, kosmetik, furniture, potong rambut, gadget, apple store, sogo, perhiasan, jam tangan, sepatu, sandal snack, minuman, chasing hp, â€¦",Positive
5,"Konsep bangunannya menarik, tempatnya luas dengan gaya arsitektur yang bervariasi, serta gabungan antara indoor dan outdoor. Untuk ruang outdoor nya sangat asri, banyak pepohonan sekaligus ada atap kaca sehingga tidak takut terkena hujan. â€¦",Positive
5,Segala ada terutama yg brand internasional.,Positive
5,"Parkirnya emang kecil kecil, tapi kalau dapat yang di atas bagus, mallnya ada dua bangunan, satu banyak resto sama ada taman diatasnya satu ada toko pakaian dll.",Positive
5,"Sering main kesini kalo lagi mumet.. Dekorasinya bagus, kebetulan fotonya pas valentine ğŸ‘ â€¦",Positive
5,Paling suka sama PVJ kalau ada seasonal theme nya. Cantik karena ini valentine banyak bunga dan hiasan pink,Positive
4,"Siapa sih yang gx suka belanja ia nga sih apalagi kaum hawa,jarang banget yang gx suka belanja,apalagi ke tempat lengkap seperti pvj ini,banyak pilihan untuk shopping,sekedar cuci mata,nongkrong,makan jaalanÂ² so pasti dalam satu tempat â€¦",Positive
4,Duluuu banget waktu awal2 berdiri.. Toilet dan mushola pvj ini bagus banget.. Tapi sekarang mushola nya makin kecil dan toilet nya berbau.. Sayang banget untuk mall sebagus ini.. Moga bisa diperbaiki.. Btw kemarin tanggal 4 feb 2023 ada school fair dan stand2 makanan dan cemilan..,Positive
4,Cuma satu kekurangan mall ini.. Toilet nya.. ğŸ˜­ğŸ˜­ğŸ˜­ dan mushola nya ğŸ˜­ğŸ˜­ perasaan dulu waktu awal buka bagus banget.. Elegan.. Kalo sekarang mushola nya makin kecil dan toilet nya bau... Sayang banget untuk mall sebesar ini.. Terus gak ada â€¦,Positive
3,"Pernah dikatakan tidak berpihak pada lingkungan hijau, ternyata di lantai atas terdapat tempat yang menawarkan hutan kota, dengan persewaan kuda poni hingga air terjun buatan dan aktivitas lain",Negative
5,"konsep mall yang unik hehe, 11rb langkah ga kerasa jalan disini. cuma aku ga suka 1, toilet cowo pesing banget pas aku lewatin saat mau ke musholla. cuma mungkin yg perlu ditambahin dari tempat ini adalah penunjuk arah gitu, biar ga mudah nyasar hehehe",Positive
5,"Such a nice place, mall nya luas banget.. Adem dengan konsep alamnya dapet karna mudah jalan2 tapi tetep adem alias teduh semua tenant, bioskop cgv, dan sebagainya tersedia dalam satu mall.",Positive
5,Alternatif wisata mall.. ğŸ¤­,Positive
5,"Tempat belanja barang barang branded yang Nice. Food courtnya juga nyaman... Ada tempat ice skating nya, tempat bermain anak anak...",Positive
5,Kalo udah usum2 tertentu suka ada dekorasi2 yang menarik. Seperti tema bulan ini yaitu halowen. Disini tempat belanja barang2 branded yang cukup lengkap dibanding mall2 lain di bandung. Konsepnya menarik berasa bukan di dalam mall.,Positive
5,"waktu kemarin kesini cukup ramai, sangat suka seasonnya kali ini kartun coco!! yuhhu",Positive
5,"Mall nya bagus dan lengkap menurut i bcs semua brand ada disini, apalagi toiletnya lucu bgt wkwk. Di jkt blm nemu yg spt iniğŸ¥²ğŸ˜‚ â€¦",Positive
5,"ini pemandangan di bawah ketika berada di lantai 6 pvj. Di dalam seperti mall2 pada biasanya, ramai, dan estetik karena ada bagian indoor nya dan yg paling penting ada ice landnya",Positive
5,Mall ter hits di bandung.,Positive
5,Bandung Paris Van Java. Konsepnya kayak : Roermond di Belanda atau Seravalle di Italy atau Johor Premium Oulet di Genting ... Barang2 Branded. Ada cafe cafenya untuk nongkrong nongkrong. Konsepnya ada outdoor dan indoor. Ada taman tamannya â€¦,Positive
5,"Mall nya sangat bagus, barang yg dijual juga berkualitas dengan penataan yg mewah serta suasana yg nyaman",Positive
5,Seseru itu...berada di mall kota tapi masih bisa liat burung burung yang cantik....PVJ tempatnya ğŸ˜ğŸ˜ â€¦,Positive
5,Mall terlengkap di bandung dan ada mini garden di rooftop nya.,Positive
5,"Tempatnya bagus, terutama di resort level. Banyak Store branded",Positive
5,Mallnya keren banyak event seru dan ada taman serta air terjunnya ğŸ‘ğŸ¼ â€¦,Positive
5,"ada tempat katsu kari yang enak di pvj, selalu lupa namanya tapi selalu makan disana kalo ke pvj. oh yaparkiran motor pvj selalu penuh dannn lewat tempat sampah i meanğŸ˜­ğŸ˜­ â€¦",Positive
5,"Keren banget tempatnya, adem, jadi kaya punya vibes tersendiri",Positive
5,"Mall yang sudah berumur tapi tetap menyenangkan untuk sekedar window shopping atau belanja. Parkir basement untuk mobil besar seperti SUV mesti diatur penempatannya tidak di area belokan, karena body panjangnya bisa menyebkan macet karena kendaraan yg lewat di koridor aksesnya terhambat.",Positive
5,"Tempatnya nyaman, rame dan estetik",Positive
5,suka banget ke PVJ. Kemaren abis dari Fotohokkie terus ada Halloween jugaa,Positive
5,"TOM SUSHI di lantai bawah..harga sushi mulai dari 10K, harga tsb belum termasuk pajak dan service 5%..",Positive
5,Yg parkirnya mesti ditertibkan,Positive
5,"Mall dengan merk merk mahal, banyak bule, Dan orang bandung dengan pakaian modis modis.. mallnya juga unik banyak hiasan atas bawah.. cukup lengkap.. cuma parkir mepet banget jaraknya..",Positive
5,"Mall paling nyaman untuk hangout. Banyak pilihan makanan.. Rooftop ada area taman, agar anak2 bisa berlarian disana",Positive
5,"Untuk wargi luar bandung disarankan kuat jalan atau kalo lansia bawa kursi roda, kalo bawa bayi atau toddler bawa stroller bayi. Area makan di lt 1 basement",Positive
5,"Selalu kreatif dgn nuansa tematikny bikin org nagih bwt dtg k pvj ,. ğŸ¥°ğŸ‘ğŸ‘ğŸ‘ PVJ merupakan salah satu mall dgn konsep semi outdoor terbaik di Bandung utara ğŸ‘ Enak bgt bwt tempat hangout & makan brg teman maupun keluarga â€¦",Positive
5,Sesuai namanya.. Mengutamakan Lifestyle dengan beragam Brand ternama dari banyak kategori produk.. Dengan ambience yang membuat betah berlama-lama menjelajahi semua sudutnya.. Disertai visualisai thematik yang up to date..,Positive
5,"Mall nya oke, barang2nya oke, memurut saya toiletnya kurang oke walaupun jumlahnya banyak di setiap lantai ada namun tidak ada jet wahser krna tidak semua org suka tipe kloset yg menggunakan bidet, serta kurang wangi, sangat disayangkan.",Positive
5,"Tempat paling recommended buat belanja barangÂ²branded, buat nongki, makan, foto foto super estetik, apalagi skrg ada wahana permainan. Gabakal nyesel mampir kesini",Positive
5,"Salah satu Mall yang cukup eksklusif di Bandung, terdapat banyak brandÂ² dunia yang terkemuka di Mall ini, seperti Nike, Adidas, Marks & Spencer, Uniqlo, Prada, Gucci, dan banyak brand eksklusif lainnya",Positive
5,"Mall dengan barang2 yang cukup bervariasi dan  cukup lengkap untuk dijual yang akan memanjakan mata setiap pengunjung yang datang ke tempat ini, tentu dengan harga yang lumayan mahal.",Positive
5,Tempat belanja dengan konsep berbeda di kota Bandung. Cuma susah parkir,Positive
5,"Pergi di hari weekend , ramai tapi masih nyaman , tenant nya sangat bervariasi , lumayan lengkap toko fashion dan makanan disini sangat beragam",Positive
5,"Paris Van Java Mall pusat perbelanjaan yg ada di Bandung di jl. Sukajadi Cipedes Jawa Barat. Yang unik disini mallnya khas bangunan eropa, cukup luas banyak spot untuk foto",Positive
5,"Mantappp pelayanannya oke, lengkapp juga cepet bgt",Positive
5,Tersedia brand2 luar negeri dgn brbagai merk.,Positive
5,Mall favorit saat berkunjung ke bandung. Restoran nya enak2 dan lengkap. Toko fashion dan perhiasan di sini punya koleksi yang bagus.,Positive
5,Tempat yg nyaman...,Positive
5,"Masih ramai, hanya parkiran Roda 2 jauh di bawah",Positive
5,"Strategis, pilihan tempat makannya banyak variasi n parkirannya cukup luas, ada di atas n basement.",Positive
5,Mall bagus dg zona parkir indoor yg cukup pas dg mobil.. pas sempit maksudnya .,Positive
5,Mal dg konsep indoor juga outdoor,Positive
5,"Cat premium yg sangat bagus, dan jng lupa selalu beli nya ke toko Rahmat putra 2",Positive
5,Tempat nya luas banget gak di saranin sama orng yg iseng ke sana tanpa tujuan tapi overall bagus,Positive
5,Masyaallah Pelayanan dari Adhiya Travel,Positive
5,Musholah nya bau sampah dr blkg gedung syg bgt,Positive
5,Mal yang selalu ramai... Halloween vibes...,Positive
5,Mall yg sangat luas dan keren banget arsitekturnya. Pengen jalan-jalan lagi saat ada waktu.,Positive
5,"Tempatnya nyaman dan segala kebutuhan, apalagi pakaian luar dan dalam negeri komplit dahh",Positive
5,"nice mall.. ada taman di rooftop, berbagai pilihan foodies dan banyak toko branded",Positive
5,To be honest mall ni udah lebih better.,Positive
5,Ke mall ininitu seruu..cuma parkirnya yg ga nahan penuh mulu..pagi ya kl kesini,Positive
5,Mall njelimet tapi mayan aku dibeliin air max sama istri jadi kuberi bintang lima.,Positive
4,"Mall terbesar & teramai di Bandung yg saya tahu, Sabtu 21 Oktober 2023 jam 12:30 masih agak sepi pengunjung, tapi menjelang sore rame banget, sampai minum kopi di Starbuck susah dapat tempat duduk.",Positive
4,"Roof topnya ngak kurang perawatan, toilet pria wanita seharus nya ada sekat, jd kalau pria pipis, wanita bisa liat",Positive
4,"Mall Paris Van Java sangat indah saat malam loh ! Dengan permainan pencahayaan yang cukup indah membuat mall ini benderang di malam hari ğŸ¤© !, tetapi disaat hujan saya merasa ada sedikit kebocoran dari dalam, walaupun begitu kalian masih tetap bisa menikmati kehindahan mall ini kok ğŸ¤— â€¦",Positive
4,"Mall favoritt, selain banyak kuliner dan tempat shopping, cocok buat jalan jalan. Suka ada event yg menarik. Tp mushollanya agak kurang nyaman",Positive
4,"Mall yang masih cukup hype di bandung, tenant lengkap dan suasana enak. Tapi WC nya sedikit banget untuk mall sebesar ini, lokasi WC nya jauhhh2 dan bbrp rusak, sering kotor juga, kalau lg penuh antri. Eskalator naik di dekat tous les jours â€¦",Positive
4,"Storenya lengkap tp toiletnya berjauhan dan ngantriiii bgt, sabtu kmrn penuh bgt mau makan semua penuh dan sangat gerah (padahal semi outdoor), kesini krn lg tema menyambut haloween ada decorationnya bikin anak happy",Positive
4,"Mampir sini buat ketemu saudara yang tinggal di Bandung. Mall dengan keunikan tersendiri yang sulit ditemui di Jakarta, yaitu adanya berbagai wahana tersedia di outdoor. Dalemnya lumayan luas, tapi nggak bikin tersesat kayak di PI hahaha. â€¦",Positive
4,"Sebelum pindah ke Jakarta, tiap hari kesini udah macem kuncen (karena gym disini). Mallnya asik buat nongki, dan banyak outdoornya. Parkiran ada depan dan gedung parkir (lurus lagi masuk via karang tinggal setelah kantor polisi). Cuma ga ada ATM B*A aja, dan toiletnya mencar2.",Positive
4,"Bagus. Kekurangannya di mushala. Sebaiknya mushala dibuat ruang tertutup, tempat wudhu dan shalat laki2 dan perempuan terpisah atau menggunakan sekat yg benar2 menutup, jadi saat perempuan berwudhu tidak khawatir auratnya (rambut, kaki, â€¦",Positive
4,"Buat yang suk binatang pas lagi ke mall bisa kunjungi tempat ini ya, ada di sky level PVJ, pokonya cari aja ada di deket ice skating. Bisa ngasih makan hamster, burung, kambing, dll. Binatang nya juga jinak jinak",Positive
4,"Lengkap, dekornya lucu2 sesuai event,  toiletnya tolong ditingkatkan lg kebersihan nya dan jumlahnya, soalnya tiap mau ke toilet selalu antri",Positive
4,"Mall ini berdiri saat gue masih kuliah dulu, sampai skrg bbrapa kali masih kesini, tapi makin kesini akses jalan nya makin macet, dan parkiran nya makin bikin stres",Positive
4,Bagus.. lengkap.. cuma toilettnyaa jauh dan terbatas.. tiap mau ke toilet selaluu antriii gaesssğŸ¥¹ğŸ¥¹ğŸ¥¹ğŸ¥¹arah ke mol jg muacett nya ampunnn... â€¦,Positive
4,"Mall nya besar, bersih.",Positive
4,rame dan macet banget. tapi oke dalemnya.,Positive
4,Pengaturan parkir saja yang perlu lebih diarahkan. Sisanya oke seperti mall2 lainnya,Positive
4,Kalo masuk ke dalem bingung susah cari jalan kelaur trus satpam nya juga sedikit jadi aga susah juga kalo mau tanya jalan,Positive
3,"Mall yang luas dan ramai, lokasi strategis, tapi tempat parkirnya sempit, tp tempat favorite buat hange out. Tenantnya komplit, enak buat jalan",Negative
3,Sedih mall sebesar PVJ cari mushola susah nya setengah matiâ€¦ sampe lantai paling bawah donk dan muter2â€¦ mengsedih ğŸ˜­ğŸ˜­ â€¦,Negative
3,"Tempat nya luas tapi kurang terawat, banyak tempat nongkrong disini",Negative
3,"Toilet selalu kotor, mushallah ga layak, ATM sangat jauh dan ga terjangkau, sebenernya salah 1 Mal yg kurang ramah anak tp krn lokasinya bagus aja, kalo ga darurat aku selalu menghindari mal ini sampai dia bisa memperbaiki kualitasnya, ayo â€¦",Negative
3,"ngga terlalu suka sama mall yang satu ini. toiletnya cuma ada satu per lantai dan itu ada diujung. jadi kalau kitanya lagi ada diujung yang berlawanan sama toiletnya, kita harus jalan lumayan jauh, apalagi kalo udah kebelet, males banget. â€¦",Negative
3,Mall bagus tapi parkiran nya harus diperbaiki. Harusnya ada tim parkir di lapangan utk membantu pengunjung parkir. Utk parkir butuh waktu lebih dari 1 jam krn area parkir yg sempit dan tidak ada yg mengarahkan.,Negative
3,so far ini mall favorit aku & keluarga di bandung sih.. pintunya banyak hadi gak macet banget meskipun long weekend. parkirnya banyak tapi sempit dan gak ada ladies parkingnya. tenantnya lumayan lengkap..,Negative
3,Mal segede ini gak ada ATM...yg lebih memprihatinkan lagi toilet dan Mushola....Mushola sangat tdk layak untuk seukuran mal segede ini..,Negative
3,Tolong perbanyak fasilitas toilet dan mushola dong. Masa mall gede tapi fasilitas toilet dan mushollanya naudzubillah ğŸ¥º â€¦,Negative
3,"Mall elit mushala sulit. Paling ga ramah shalat dari seluruh mall gede di bandung. Pindah mushala kirain tambah bagus, malah makin penuh",Negative
3,mall nya ok. tp seriously parkiran mobil nya sempit. takut kalau bawa mobil gde.,Negative
3,"Lumayan, perlu ditambah hiasan yang menarik, lantai atas masih banyak yg kosong",Negative
2,"Dengan mall yg seluas itu dan termasuk mall berkelas mushala dan toiletnya kalah dengan mall lain. Harusnya mencontoh trans studio mall yg punya mesjid tersendiri dan mudah d akses serta nyaman. Pvj mushala tidak layak , kecil dan sulit d temukan.",Negative
2,"mushollanya ganyaman pdhl ini hal yg paling penting, toilet selalu penuh banget, keliling2nya jauh.",Negative
1,"Musholanya pindah pindah mulu, carinya ribet tidak terpusat, terakhir kesana musholanya ada di basement pintu keluar dari HM, TIDAK NYAMAN NO AC, karpetnya bau, mukena bau jorok gapernah dilaundry, tempat wudhunya gapernah dibersihkan â€¦",Negative
1,"Ketemu orang aneh di parkiran PVJ dekat H&M, saya lihat ada parkiran kosong dan sudah DIARAHKAN oleh satpam. Tapi di space parkir kosong tsb berdiri sekumpulan orang, ibu2 beserta anak2 dan pengasuhnya. Saya klakson, tapi mereka tidak â€¦",Negative
1,Sbnr paling ga suka kesini apa lg kl udh dtmpt parkir mbl atau mtr kelihatan sifat asli manusia yg ga mau ngalah merasa bnr dr kacamatanya dia tp krn ada client jd keoaksa hrs kesini,Negative
1,"Mall OK, tapi parkiran nya bau.. yang paling bau, masuk menuju parkiran motor sampai dekat pintu KKV nya bau sampah pake banget. Bikin males.",Negative
5,"Konsep mallnya oke, semi semi outdoor gitu dan banyak outlet yang jual barang branded",Positive
5,"Sudah tidak seperti waktu awal, mungkin krn sudah banyak saingan, tapi untuk jalan2 bersama keluarga tetap worth it krn parkiran luas, dan mallnya jg bnyk tempat terbuka",Positive
5,"Pusat perbelanjaan dengan konsep yang unik karena berada di bawah tanah, dengan berbagai macam brand terkenal dan juga memiliki banyak pilihan resto maupun makanan ringan yang dijual.",Positive
5,Saya dari sapta wahana rental.. bawa penumpang d kalteng.. terus saya bawa ke PVJ dia sangat senang banget... mall paling luas katanya,Positive
5,"Mall yang cukup nyaman serta tidak membosankan apalagi di lt.2 terdapat mini garden dan mini zoo, cocok utk membawa keluarga",Positive
5,Alternatif wisata mall.. ğŸ¤­,Positive
5,"Konsep mall yg bagus, luas dan lengkap segala macam ada, parkir tersedia banyak",Positive
5,"Cakep, nyaman, komplit segala keperluan ada termasuk tempat rekreasi anak",Positive
5,"Mudah di jangkau, mall lengkap, parkiran luas, terdapat pangkalan taxi bluebird",Positive
5,Mall yang ramah keluarga dan menyenangkan untuk sekedar refreshing atau kuliner sambil bawa keluarga khususnya anak-anak,Positive
5,"Seru banget nonton disini , tempatnya bersih , banyak tenant makanan yg enak2",Positive
5,Tempat sangat nyaman untuk berbwlanja maupun menghabiskan waktu dengan teman maupun keluarga,Positive
5,Tempat kongkow yg ok bgt. Pasa untuk keluarga ataupun bareng teman2.,Positive
5,"Tempat yang nyaman untuk berbelanja,  Produk Branded dan Makanan Enak",Positive
5,"Suasana mall nya sangat nyaman, bernuansa alam",Positive
4,"Selalu cinta sama PVJ Bandung karena banyak sekali kenangan dari jaman muda. Terakhir ke sana ada air terjun buatan ala ala hehehe yah lumayan liat ruangan terbuka, di belakang tamannya sdh ada lampu2, cantik. â€¦",Positive
4,Mall nya luas banyak outdoor tapi sepertinya sedang byk progress renovasi,Positive
4,"Mall yang sangat aesthetic.. Namun di parkiran basement dan Glamour Level, tercium bau tidak sedap yang sepertinya dari saluran selokan atau got",Positive
4,"Tempat berbelanja yg nyaman, banyak tokonya, parkirnya yg kurang besar",Positive
4,Agak membingungkan pertama kali ke sini ğŸ¤£  krna penunjuk arahnya dll nya tidak terlihat mata.. â€¦,Positive
4,Intinya ramai sekali. Pengunjung tambah betah karena banyak kulinernya,Positive
3,"Mall ramai, hanya yg masalah parkirannya tidak nyaman dari awal sampai sekarang, tap kartunya menjebak, sudah tap emoney, masih harus ambil tiket, jamin banyak yg ketinggalan tiket parkir dan kena denda.",Negative
3,"Pvj, tmpt parking luas apa lg yg dkt jaln raya cman wc/toilet trlalu jauh hrs msk mallğŸ˜‡ğŸ˜… â€¦",Negative
3,"Tenantnya sebnrnya bagus bagus. Tapi layout dan directionnya ga jelas, bikin bingung first timer",Negative
2,"Mall yang fasilitas toiletnya terburuk , karna cuma ada 1 fasilitas toilet di setiap lantai sehingga terjadi antrian dan closetnya yg tidak berfungsi normal",Negative
5,"Iseng main pulang kerja bareng temen, nekat meski waktu sore keadaan hujan. Sampe sana berhenti hujannya, soalnya kelamaan di jalan yang super macet. Sampe sana, lama di Gramedia sampe lupa waktu",Positive
5,"Paris Van Java Resort Lifestyle Place adalah sebuah pusat perbelanjaan yang luas di kota Bandung, Jawa Barat. Dengan konsep yang mengintegrasikan antara outdoor dan indoor. â€¦",Positive
5,"Tempat bermain anak yg recommended di Bandung. Tempatnya bermain yang nyaman, aman, banyak jenis permainan dan pengantar bisa masuk kedalam. Masih dilantai yang sama, pengunjung bisa bersantap dengan berbagai menu yang enak, harga â€¦",Positive
5,"Setelah makan siang di Ampera jl. Pajajaran lanjut ke Mall PVJ jl.Sukajadi hanya untuk cuci mata sambil foto2, Mall PVJ termasuk mall favourit org Bandung sepertinya coz banyak pengunjung disini, Lumayan jauh dari tempat parkir ke pertokoan & food court, nyaman jalan2 disini banyak view menarik.",Positive
5,"Bagus si konsep Mall nya aesthetic, ada outdoor nya.. Nursery room lg direnov, sementara dsebelah babyshop, sebelah WC, lg nyusuin anak bau bgt ada yg lagi boker elah wkwkk.. â€¦",Positive
5,"Tempat nya nyaman. Konsep jalan2 di kota paris ya. Per toko nya dibuat outdoor. Bukan konsep mall indoor pada umumnya. Produk2 middle to upper class, semua ada disiniiiiiiiii. Segala adaaa. Kalo cape bisa makan duluuu. Tempat makan â€¦",Positive
5,"Mall legend dibandung, mall ini sempat sepi karena pandemi covid-19 tp sekarang mulai rame lagi,mall ini termasuk mall yang sangat besar dan banyak sekali brand2 besar bergabung dimall ini,ada zara,h&m,mango,victoria secret,sogo,dan masih â€¦",Positive
5,"Salah satu mall terbesar dibandung dengan nama yang merupakan jargonnya kota bandung. Menawarkan konsep mewah dan unik betah aja kalau jalan-jalan di mall ini mulai dari lantai bawah sampai atas. Mau sekedar nongkrong, nonton, belanja ataupun yang lain di mall ini ada semua.",Positive
5,Mall yang memiliki banyak spot buat foto. Musholanya nyaman dan bersih. Ada ice skating juga dan air terjun buatan di sky level mall. Cocok buat jalan jalan sama keluarga.,Positive
5,"Lokasi strategis, tenant banyak dan lengkap. Tersedia Miniso, Gramedia, Starbucks, KFC, Marugame Udon, People, dll. Parkir luas dan dekat hotel de Java.",Positive
5,keliling sampai dengkul lemes..,Positive
5,"Mall di Bandung yg wajib di datengin.. restoran nya banyak macam nya,. Toko2 nya juga lengkap,.",Positive
5,"Pertama kali ke Bandung. Sampai sekitar jam 9 malam. Langsung ke Paris Van Java mall. Saat itu pergi banyak toko yang udah tutup. Jadi cuman jalan-jalan keliling aja. Untuk interior nyaa bagus, apalagi untuk foto. Jika sampai lebih awal kek nyaa bagus. Tapi gak apa-apa saya tetap suka â™¥ï¸",Positive
5,"Mall mevvah nan aestetik dibandung.Tiap sudutnya bisa dijadiin spot foto.Instagramable bingits.kebanyakan isinya brand2 ternama semua. Mulai dari fashion sampe aneka wahana permainan.Mall nya luas, trs ditata apik.Yang unik tuh ada semacam â€¦",Positive
5,"Mallnya gede dan luas, parkiran mobil jg gede. Cm syg pas kesana toiletnya pada direnovasi dan adanya di ujung2. Mgkn bisa ditambah utk fasilitas toilet.",Positive
5,"Mall pets friendly banyak festival makanan dan bazar baju jam 10pagi parkiran mobil sudah penuh,karna luas tolong ada papan informasi",Positive
5,"Mall terlengkap yang pernah aku kunjungin. Banyak official store brand sepatu, kosmetik, skincare, fashion, dan masih banyak lagi",Positive
5,Sangat luas. Rapih. Minus di mushola saja terlalu kecil. Ada air terjun. T4 makan banyak. Masuk check in peduli lindungi. Weekend rame bgt. Byk brand2 luar.,Positive
5,"Tempat luar biasa yang memberikan pengalaman belanja namun tidak hanya untuk berbelanja. Kita juga dapat menikmati suasana alam di sini, karena di lantai 1 terdapat taman yang sangat luas. Tidak hanya itu, di tempat ini juga banyak spot untuk berfoto.",Positive
5,Awal kesini masuk area parkiran ga expect bagian dalam nya bakal sebagus itu. Pas keluar mall wah ternyata bagus dr luar. Tolong diperbaikin area parkirannya.,Positive
5,"Tempat nya lumayan luas dan yg pasti ok banget karna bisa bawa si bocil (anabul) jalan2 kemari, waktu kemari sih dapet parkir lumayan gampang tapi kan kondisi emang sedang pandemi jadi ga tau kalau lagi normal apakah gampang juga atau susah â€¦",Positive
5,Di rooftopnya ada taman hijau luas dan air terjun. Seger.,Positive
5,"Air terjun di lantai atas sangat indah, ada juga kebun binatang mini. Anda pun dapat berbelanja berbagai brand hampir dari seluruh dunia bahkan lokal disini.",Positive
5,Dengan kearifan alam yg terwakiki dari beberapa spot disini.. ambiencenya jadi mirip diluar negeri gitu.. semuanya rapi dan bersih. Musholla ada di lantai teratas dekat air terjun.,Positive
5,"Tempat ini adalah tujuan utama bagi orang yang datang ke Bandung untuk belanja. Konsep mall yang berbeda, dengan food court di bagian depan dan lantai bawah membuat tempat ini enak untuk dieksplore. â€¦",Positive
5,"Salah satu mal favorit saya di Bandung. Letaknya yg berada di area utara Bandung, yg notabene-nya identik dgn area wisata bernuansa alam, membuat PVJ mengusung konsep serupa. Terdapat area hijau yg relatif luas, dilengkapi dgn taman, air â€¦",Positive
5,Area mallnya ada yang indoor dan semi outdoor.,Positive
5,"Pvj mall yang ga pernah sepi dari pengunjung,ada kue kering kesukaan ku juga ternyatağŸ¥°ğŸ¤—kalo kesini kudu siap2 fisik hehe soalnya lega alias LUAS.... dan ga lupa dompet harus tebel. Cuman sayang nya kurang adem menurut saya. â€¦",Positive
5,Supermall di bandung. Ada taman di dalam mal. Banyak tenant makanan dan pakaian.,Positive
5,"Mall nya luas banget, lengkap, tapi sayang di musholla tidak disediakan mukena atau sarung.",Positive
5,Mal ini letaknya strategis menjelang pintu keluar tol Pasteur...apalagi buat mereka yang menggunakan travel.. â€¦,Positive
5,"Pertama kali kesini tempatnya bagus dan luas, disini pun surga nya barang2 branded, mulai dari skincare,makeup,pakaian,sepatu dll, karna mungkin kalo dibandung disini sih yang paling lengkap, lahan parkir nya luas",Positive
5,"Tempatnya asyik... Selain bisa belanja kebutuhan, juga bisa menikmati keindahan se isi gedung yg sangat menakjubkan.. Pokoknya... ""TONG NYEBUT PERNAH KA BANDUNG LAMUN CAN NINCAK PVJ ""... TRINKKK......",Positive
5,"mall yang sangat luass terdapat berbagai macam toko pakaian, makanan, minumam, accessories , dan lain sebagainya. terdapat juga ice skating, mini zoo, taman matahari dan sawah kecil. parkiran yang sangat luas dan terdapat air terjun di lantai paling atas. suasana yang indah bisa melihat kota bandung dari lantai tertinggi pvj",Positive
5,Mall yang selalu saya kunjungi setiap kali ke Bandung. Ada banyak pilihan cafe/coffeeshop. â€¦,Positive
5,"Nggk tau kenapa PVJ tuh asik pisan, ada air terjun nya juga lagi... Makan, shopping semua enakeun...",Positive
5,"udah sering ke mall pvj tapi baru kali ini ke bagian rooftop mall, masyaAllah bagus.. ada musholla(tp kecil pisan), ada airterjun buatan, trampolin, ice skeating, banyak taman, bahkan ada ternak kambing dan cafe kucing (tp sayang depannya â€¦",Positive
5,Weekand saat ya jalan ke sini ğŸ˜Š,Positive
5,"Seringnya kesini buat nonton di CGV rada unik sih soalnya studionya dibagi 2 lantai dengan pembelian tiket, studio 1 & 2 ada diatas",Positive
5,"Bagus bingit, smoga pandemi selesai PVJ rame lagi ma best",Positive
5,"Tempat yang sangat lengkap untuk jalan-jalan keluarga. Anak-anak bisa bermain di Playground, bermain di alam semi terbuka dengan banyak sekali pilihan tempat bermain dengan satwa, dari kelinci, kambing, sapi, dan burung. Ayah bisa ngopi2 â€¦",Positive
5,"Salah satu mall terbesar di bandung, bisa dimasukkan kedalam salah satu destinasi tempat yang rekomended untuk dikunjungi jika ke bandung, mall nya komplit, ada wahana bermain, belanja, nonton, makan, dan banyak lagi... Tempat parkirnya â€¦",Positive
5,Masih tetep penuh aja ya PVJ ..walaupun dtg di weekday sekalipun... Sayang bagian depan mall skrg nampak semrawut ..mudah untuk yg bawa kendaraan tapi buat pejalan kaki akses masuknya rada bingungin sih.. â€¦,Positive
5,"Paris Van Java Mall (PVJ) adalah mal yang terbagi menjadiÂ resort level, glamour level,Â sky level, sertaÂ concourse levelÂ dengan salah satuÂ departement storeÂ terbaik di Indonesia,Â Sogo Department StoreÂ di lantai teratas. Fasilitas lainnya â€¦",Positive
5,"Tempat yg nyaman buat jln ke mall sm keluarga, apa lg yg pny baby n msh menyusui.. Krn ada tempat nursery room nya..",Positive
5,"Salah satu mall terlengkap dan terbesar di kota Bandung. Selain dapat shopping sepuasnya dgn barang2 branded atau lokal jg.kita juga bisa menikamti air terjun mini, ice skating, taman bunga di Rooftop. Dan ada juga kebun binatanf mini di atas. Keren sihh...ğŸ‘ğŸ‘ â€¦",Positive
5,Mall PVJ enak dipake jalan jalan santai dan mencari banyak.keperluan baik.kuliner yang sangat beragam jenis menunya  dan fashion yang sangat banyak macam nya.. Tinggal.pilih sesuai selera dan kebutuhan. â€¦,Positive
5,"Asik banget mall ini, bagian paling seru itu karena ada taman di bagian atasnya lengkap dengan air terjun buatan. â€¦",Positive
5,harus kuat kuat kaki kalo ke pvj pas hari libur.. karena biasanya parkir nya penuhh.,Positive
5,"Bagus mall nya, komplit juga nih. Klo ke bandung wajib mampir",Positive
5,"Mall yang nyaman, favorit saya, istri dan anak sejak dulu. Karena luas dan tidak padat jadi lebih aman di saat pandemi â€¦",Positive
5,"mulai dari kebutuhan seharihari, brand terkenal, aneka kuliner, bioskop sampe tempat bermain anakpun lengkap semua ada di pvj, bener"" lengkap dan luas banget mall nya",Positive
5,"Salah satu mall terfavorite ku, kalau berkunjung ke Bandung. Pasti ini masuk list",Positive
5,"Tempat wisata dan belanja yang modern, yang suka suasana pedesaan , disni rekomended banget, tempat bermain,berpetualang dan liburan keluarga apa lagi,,,gak cukup satu hari buat menjelajahi semuanya",Positive
5,Mall tercantik yang saya kunjungi.,Positive
5,Mall ini konsepnya asik banget entah knp gw ke mall ini mengingatkan gua ke Central park. Minisonya buset lengkap banget bnyk boneka lucu. terus konsep mall ada semi outdoor gt gua suka bgt dan bnyk pilihan makanan jugaaa...,Positive
5,"Bagus dan menyenangkan bikin anak betah lama,arena mainan utk usia 4 thn banyak",Positive
5,"Tempatnya unique,konsep mall nya outdoor dan indoor,nyaman buat belanja dan jalan-jalan bersama keluarga.",Positive
5,"Kalau ke Bandung, wajib banget buat mampir ke PVJ. Tempat makannya lengkap, tempat belanja juga lengkap. Disini juga ada gamemaster yang pastinya seru banget buat main sama keluarga.",Positive
5,"Tempat Cuci Mobil, Coating, dan Warung Kopi..",Positive
5,Mall yg wajib kalo berkunjung ke bandung,Positive
5,"tempat favourite buat kongkowÂ² selain itu termasuk tempat belanja lengkap buat fashion. ada Sogo, Gramedia, bodyshop, birkenstock dan masih banyak yang.",Positive
5,Tempat yang selalu dikunjungi kalo ke Bandung. Vibes ala PVJ tuh khas banget dan gabisa didapetin di tempat lain. Apalagi kuliner + brand fashionnya lengkap.,Positive
5,"Menarik, banyak tempat makan di dalam dan luar ruangan, spotnya bagus2. Pilihan untuk belanja juga banyak, dari ujung kaki sampai kepala. Anak2 juga seneng kesini, apalg ada banyak tempat main dan bisa interaksi juga foto2 dengan hewan2. Never get bored.",Positive
5,"Mall nya bagus bgt, d roofctop nya ada taman, ada ice skating, ada air terjun buatan,.",Positive
5,"Ya belum ada perubahan, tinggal parkirnya aja kalau weekend agak susah",Positive
5,bagus..mallnya..mushollanya ada di lantai paling atas Deket yg air terjun buatan..mallnya adem..sukakkk banget,Positive
5,"salut kepada management yg berusaha menyajikan suasana alam dalam Mall, terbukti ada padi, kakak tua, kuda pony, musang, kelinci...yang mengundang kagum anak2 untuk edukasi....",Positive
4,"Kesini pas liburan ke Bandung. Sebenarnya ini mall yg keren, konsepnya keren, toko2 nya jg brand2 terkenal dan resto nya jg banyak yg enak2. Tp kesan kurang terawat terlihat di area paling atas, mgkn efek bekas pandemi jg, pdhl 2 thn yg â€¦",Positive
4,"Baru pertama kesini, tempatnya cuma 2 lantai tapi lumayan luas, type mall keluarga buat kumpul and hangout. Banyak tenant2 makanan dari yg murah ke yg mahal.  Ada beberapa space yg kosong harusnya sih bisa dijadiin duit..hahah..",Positive
4,"Mall lengkap bahkan ada permainan ice skating, taman bunga, hewan dan air terjun buatan di sky level mall. Jadi tempat rekreasi juga pas lah... Bersih... Tapi tolong toiletnya sering-aering dibersihkan.",Positive
4,"One of the best mall in Bandung. banyak tempat makan, ada outdoor space, banyak tempat bermain untuk anak, one stop solution if you want to hangout with your friends, namun menurut saya ada sedikit kekurangan, jika kalian bukan berasal dari Bandung akan sulit mencari toilet di mall ini. selebihnya tempat ini sangat oke",Positive
4,"Kalo mau jalan-jalan sambil cuci mata, Mall ini emang paling cocok + banyak tempat makannya.. Kelilingi2 sampe puas..",Positive
4,"Di lantai Paling Atas ada Area Bermain luas dan ada air terjun buatan, enak untuk bermain bersama keluarga, area parkir mobilnya yang memang masih perlu di perbaiki, Marking dan arah parkir kurang jelas untuk basementnya",Positive
4,"PVJ salah satu mall yang ada di bandung yang paling luas dan lengkap. banyak brand-brand yang ada seperti Guess, H&M, Zara, Uniqlo, Charles & Keith, Body Shop, Victoria Secret, dll. makanan juga banyak macamnya yang paling kusuka ada booth â€¦",Positive
4,Mall terlengkap di Bandung(mungkin).,Positive
4,"Salah satu mall terlengkap di Bandung,",Positive
4,"di mallnya  udah mulai rame sih , cmn untuk spot foto yg ke taman bunga matahari berantakan banget dan banyak yg gak keurus gitu .",Positive
4,"Mal ternama di Bandung yang banyak tenant branded nya, sehingga banyak digemari baik bagi warga Bandung ataupun bagi wisatawan. Suasananya terbuka dan dibuat asri. Ada taman di atas bangunan mall. â€¦",Positive
4,"Mall nya luas, fasilitas parkir kendaraan nya juga luas dan suasanya nya nyaman. Kalo yg pertama kesini pasti bigung karena luas dan tidak ada papan nama untuk ke lantai atas/bawah dan tidak ada satpam di dalam untuk di tanya.",Positive
4,"Gede bener tempatnya, banyak destinasi belanja mantap. Cuma ya karena kegedean jd bingung mau kemana2 harus nanyain satpam yang sangat sedikit jumlahnya",Positive
4,"Mall terluas tapi toiletnya susah ditemukan, ditambah ATM center juga jarang",Positive
4,"Salah satu mall favoritku di Bandung, jadi pilihan alternatif kalau tidak bisa hangout ke alam. Karena, di Paris Van Java Mall terdapat taman, sawah, kumpulan binatang, bahkan air terjun di samping tokoÂ² dan restoran yang bejibun. Inilah yang jadi daya tarik utama menurutku. Hebat sekali",Positive
4,Mall yang menyongsong tema unik seperti di luar negeri.,Positive
4,Tempat nyaman enak buat jalan cuman mungkin pasilitas ibadah nya bisa lebih di perlebar biar ga terlalu ngantri,Positive
4,"pvj sekarang masih bagus kok, cuma wktu itu toiletnya lagi rusak dan nyark toilet di pvj susah banget. yang udah hafal tempat aja masih kesusahan apalagi buat yang baru pertama kali. kalau misal ga nemu boleh ke lantai paling atas pvj nah â€¦",Positive
4,"Menurutku cukup lengkap, tapi buat yang pertama kali dateng, cukup bingung mau kemana dulu atau mana yang belum di datengin. â€¦",Positive
4,"Mall nya lumayan keren. Luas dan bersih. Ada area terbuka di bagian paling atas dan ada wahana ice skating. Tapi sayang, untuk toiletnya perlu diperhatikan krn kurang luas, kurang banyak dan kurang bersih.",Positive
4,"Tempat parkir luas, banyak makanan enak dijual di sini",Positive
3,"Sebagai pendatang, mall ini agak kurang berkesan buat saya. Meskipun byk spot unik, ada mini field lengkap dgn padinya, gubuk dan orangÂ²an sawah. Byk resto dgn konsep interior unik. Tapi sayang, Skyline (paling atas) kotor dan bau. Kurang â€¦",Negative
3,"PVJ kayanya salah satu mall terbesar di bandung dengan berbagai macam toko-toko. udah pasti ada toko pakaian, makanan, alat olahraga, alat musik, perhiasan, keperluan anak dan lain-lain. merek-merek hits dan terkenal ada disini dengan range â€¦",Negative
3,Overall ok.store VIP,Negative
3,"salah satu mall favorit di bandung, semua brand ada. cuma sayang fasilitas toilet, mushola, kurang baik dan untuk liftnya jg susah di jangkau",Negative
3,"Tempat yg menampilkan beraneka makanan..tinggal pilih sesuai selera...tp tuk parkir kendaraannya,terutama mobil .harap bersabar..karena selalu ramai..tuk pasilitas toilet..tolong tambahkan lagi,terutama toilet wanita..antri lama jg..kasihan yg sdh ga tahan mau buang air keciil..",Negative
3,"Tempat inituh definisi segala ada sampe ice skating, cat cafe,mini zoo, taman bunga matahari, dan tempat umum yg biasa ada di mall juga ada. Semua fasilitasnya juga cukup memadai, cuma udah bertahun tahun kesini mushollanya itu loh.... â€¦",Negative
2,+:,Negative
2,Parkirnya sungguh menyulitkan. Ukuran jalur kurang besar sehingga harus maju mundur berkali2. Kadang parkir di ramp bidang miring. Walau selain itu tempatnya menyenangkan,Negative
